client_code,name,status,city,age,n_months,avg_monthly_balance_KZT,income_total_3m,spending_total_3m,fx_turnover,invest_turnover,withdrawals_total,withdrawals_to_spend_ratio,deposit_topups,cc_repayments,loan_payments,travel_spend,online_spend,premium_boost_spend,trs_АЗС,trs_Авто,trs_Едим дома,trs_Играем дома,trs_Кафе и рестораны,trs_Кино,trs_Косметика и Парфюмерия,trs_Мебель,trs_Одежда и обувь,trs_Отели,trs_Подарки,trs_Продукты питания,trs_Путешествия,trs_Развлечения,trs_Ремонт дома,trs_Смотрим дома,trs_Спорт,trs_Такси,trs_Ювелирные украшения,trf_atm_withdrawal,trf_card_in,trf_card_out,trf_cashback_in,trf_cc_repayment_out,trf_deposit_topup_out,trf_family_in,trf_fx_buy,trf_fx_sell,trf_gold_buy_out,trf_gold_sell_in,trf_installment_payment_out,trf_invest_in,trf_invest_out,trf_loan_payment_out,trf_p2p_out,trf_refund_in,trf_salary_in,trf_stipend_in,trf_utilities_out,share_АЗС,share_Авто,share_Едим дома,share_Играем дома,share_Кафе и рестораны,share_Кино,share_Косметика и Парфюмерия,share_Мебель,share_Одежда и обувь,share_Отели,share_Подарки,share_Продукты питания,share_Путешествия,share_Развлечения,share_Ремонт дома,share_Смотрим дома,share_Спорт,share_Такси,share_Ювелирные украшения,top_cat1,top_cat2,top_cat3
1,Айгерим,Зарплатный клиент,Алматы,29.0,3,92643.0,1875090.64,6104243.6899999995,0.0,0.0,4447898.47,0.7286567666501532,0.0,0.0,508010.26,642040.8999999999,483375.87,518757.58999999997,153233.34,0.0,174639.02,153302.41,518757.58999999997,175385.46,0.0,0.0,0.0,134087.07,0.0,645267.06,275433.72,8854.05,0.0,155434.44,0.0,232520.11,0.0,617946.7100000001,175924.07,3829951.76,138273.34,0.0,0.0,0.0,0.0,0.0,0.0,0.0,0.0,0.0,0.0,508010.26,1274129.26,114471.5,1446421.73,0.0,492152.41000000003,0.02510275601398869,0.0,0.028609444325771994,0.02511407109305625,0.08498310623637635,0.028731726468803544,0.0,0.0,0.0,0.02196620528431099,0.0,0.10570794561447139,0.04512167829263055,0.0014504745304491603,0.0,0.025463341225160037,0.0,0.03809155102718385,0.0,Продукты питания,Кафе и рестораны,Путешествия
2,Данияр,Премиальный клиент,Астана,41.0,3,1577073.0,1646273.33,5860261.26,0.0,0.0,4427789.85,0.7555618518618741,0.0,0.0,505633.41,437894.02,472912.17,514370.07,178436.7,0.0,188915.05,135661.41,514370.07,149449.46,0.0,0.0,0.0,161099.23,0.0,859626.8400000001,61875.4,10583.06,0.0,148335.71,0.0,214919.38999999998,0.0,775789.21,205405.18,3652000.6399999997,107537.19,0.0,0.0,0.0,0.0,0.0,0.0,0.0,0.0,0.0,0.0,505633.41,1305706.44,55248.95,1278082.01,0.0,396920.77,0.030448591297105417,0.0,0.0322366259145245,0.023149379179726197,0.08777254923955387,0.025502183839496602,0.0,0.0,0.0,0.027490110568892966,0.0,0.14668746014234868,0.010558471244676215,0.0018059024214903347,0.0,0.025312132585706595,0.0,0.03667402876164603,0.0,Продукты питания,Кафе и рестораны,Такси
3,Сабина,Студент,Алматы,22.0,3,63116.0,690885.1699999999,2767196.14,0.0,0.0,2074978.82,0.7498488415786818,0.0,0.0,559824.1799999999,199934.18000000002,451360.92000000004,311980.22,106816.58,0.0,126805.55000000002,161278.82,311980.22,114144.37000000001,0.0,0.0,0.0,154.04,0.0,452990.56999999995,781.1500000000001,38.46,0.0,163276.55000000002,0.0,198998.99000000002,0.0,759624.8700000001,210788.76,1315353.95,187247.61,0.0,0.0,107837.01999999999,0.0,0.0,0.0,0.0,0.0,0.0,0.0,559824.1799999999,496377.3300000001,60804.200000000004,0.0,124207.57999999999,395640.67999999993,0.038601015105492305,0.0,0.045824561608415665,0.05828239555147688,0.11274235876897398,0.04124910711967096,0.0,0.0,0.0,5.566645521556704e-05,0.0,0.16370020305102043,0.00028228935011451704,1.3898544972674037e-05,0.0,0.0590043284752486,0.0,0.07191358325615474,0.0,Продукты питания,Кафе и рестораны,Такси
4,Тимур,Зарплатный клиент,Караганда,36.0,3,83351.0,1786681.16,5469181.49,0.0,0.0,3947742.56,0.7218159732344154,0.0,0.0,531516.66,614125.49,451677.74,522895.33999999997,154919.1,0.0,169466.04,99334.97000000002,522895.33999999997,137915.94,0.0,0.0,0.0,140907.3,0.0,646006.97,225775.09,13452.84,0.0,182876.72999999998,0.0,247443.1,0.0,634755.8500000001,245315.47,3312986.71,107111.63,0.0,0.0,0.0,0.0,0.0,0.0,0.0,0.0,0.0,0.0,531516.66,1170717.9,61478.54000000001,1372775.52,0.0,453960.22000000003,0.028325829062951793,0.0,0.030985631087550543,0.018162675746202016,0.09560760434739202,0.025216925101529224,0.0,0.0,0.0,0.025763873489595968,0.0,0.1181176691944081,0.04128133074625761,0.002459753808608754,0.0,0.033437678075663925,0.0,0.04524316855317961,0.0,Продукты питания,Кафе и рестораны,Такси
5,Камилла,Премиальный клиент,Алматы,45.0,3,1336536.0,1746521.4,5609632.93,0.0,0.0,3935339.07,0.7015323674663326,0.0,0.0,548044.15,640950.1799999999,539942.29,423960.99,232743.74,0.0,151842.45,232042.72999999998,423960.99,130928.1,0.0,0.0,0.0,177996.45,0.0,709598.45,177605.87,25547.25,0.0,156057.11,0.0,285347.86,0.0,590493.11,282883.24,3344845.96,126590.18,0.0,0.0,0.0,0.0,0.0,0.0,0.0,0.0,0.0,0.0,548044.15,1261804.77,74928.96999999999,1262119.01,0.0,454938.05,0.0414900124311699,0.0,0.027068161481289654,0.04136504703526118,0.0755773141113531,0.023339869405679635,0.0,0.0,0.0,0.03173049862997008,0.0,0.12649641408889833,0.03166087197081539,0.004554174991268101,0.0,0.02781948693388036,0.0,0.05086747449623232,0.0,Продукты питания,Кафе и рестораны,Такси
6,Аян,Стандартный клиент,Шымкент,34.0,3,131929.0,1828401.3399999999,5802943.74,0.0,0.0,4249613.62,0.7323203205826704,0.0,0.0,481453.80000000005,587515.0700000001,425470.26999999996,562401.0800000001,94236.6,0.0,143740.77,148986.15,562401.0800000001,157880.27,0.0,0.0,0.0,189746.92,0.0,818632.32,124090.1,24121.26,0.0,132743.34999999998,0.0,273678.05000000005,0.0,629865.51,280137.19,3619748.11,109520.75,0.0,0.0,0.0,0.0,0.0,0.0,0.0,0.0,0.0,0.0,481453.80000000005,1331551.75,60443.56999999999,1378299.83,0.0,370190.07999999996,0.016239447463607497,0.0,0.024770319417227366,0.025674236503971343,0.09691651430692658,0.027206927565353232,0.0,0.0,0.0,0.032698390420721195,0.0,0.14107190361973077,0.021383991567011127,0.004156728219460559,0.0,0.022875174385199187,0.0,0.04716193405659315,0.0,Продукты питания,Кафе и рестораны,Такси
7,Руслан,Премиальный клиент,Алматы,48.0,3,4040997.0,1798855.62,7228725.23,0.0,0.0,5304568.4399999995,0.7338179653011931,0.0,0.0,987487.14,235104.21,481417.0,872372.53,195545.89,0.0,170273.36000000002,200163.53999999998,449690.57,150285.89,422681.95999999996,0.0,0.0,0.0,0.0,767096.37,0.0,0.0,0.0,110980.1,0.0,235104.21,0.0,1193728.17,286941.56000000006,4110840.2699999996,182859.58000000002,0.0,0.0,0.0,0.0,0.0,0.0,0.0,0.0,0.0,0.0,987487.14,1572706.7,132023.71000000002,1197030.77,0.0,557691.12,0.027051227398776093,0.0,0.02355510198303664,0.02769001914325079,0.06220883429539346,0.020790095793971685,0.058472544819634806,0.0,0.0,0.0,0.0,0.10611779333048463,0.0,0.0,0.0,0.015352651604382534,0.0,0.032523605825310914,0.0,Продукты питания,Кафе и рестораны,Косметика и Парфюмерия
8,Мадина,Зарплатный клиент,Астана,33.0,3,1058403.0,2044952.12,7331415.88,0.0,0.0,5211878.7,0.7108966106012254,0.0,0.0,942178.78,235529.34999999998,518670.74,1272867.46,231431.28,0.0,148485.77000000002,185919.66,519213.7,102316.5,753653.76,0.0,0.0,0.0,0.0,854310.51,0.0,0.0,0.0,184265.31,0.0,235529.34999999998,0.0,1162883.3,319047.33,4048995.4,266820.85,0.0,0.0,0.0,0.0,0.0,0.0,0.0,0.0,0.0,0.0,942178.78,1730533.8200000003,109128.9,1349955.04,0.0,609707.88,0.0315670647782158,0.0,0.020253355208653095,0.02535931163135708,0.0708203856524369,0.013955899061614822,0.10279784591895229,0.0,0.0,0.0,0.0,0.11652735624104303,0.0,0.0,0.0,0.025133659448057392,0.0,0.03212603866089779,0.0,Продукты питания,Косметика и Парфюмерия,Кафе и рестораны
9,Арман,Премиальный клиент,Алматы,55.0,3,3084180.0,1783301.1099999999,7450036.0600000005,0.0,0.0,5253844.9,0.7052106671279655,0.0,0.0,934903.77,223279.84000000003,461941.75,959305.09,162496.13,0.0,157564.98,105083.09,418366.5,130943.51999999999,540938.59,0.0,0.0,0.0,0.0,885922.57,0.0,0.0,0.0,199293.68,0.0,223279.84000000003,0.0,1115664.13,296431.78,4138180.77,188381.32,0.0,0.0,0.0,0.0,0.0,0.0,0.0,0.0,0.0,0.0,934903.77,1825147.9500000002,92987.82,1205500.19,0.0,551803.57,0.021811455500525455,0.0,0.02114955937542133,0.01410504447947598,0.056156305369614544,0.017576226335742056,0.07260885526505759,0.0,0.0,0.0,0.0,0.1189152056265349,0.0,0.0,0.0,0.026750700049631704,0.0,0.029970303257834164,0.0,Продукты питания,Косметика и Парфюмерия,Кафе и рестораны
10,Карина,Зарплатный клиент,Усть-Каменогорск,38.0,3,1277325.0,1978310.0699999998,7287116.760000001,0.0,0.0,5411764.51,0.7426482500878714,0.0,0.0,789444.44,198936.05,413621.76,1015882.4,231418.66,0.0,146009.62,115777.37,486288.58999999997,126490.07999999999,529593.81,0.0,0.0,0.0,0.0,933185.79,0.0,0.0,0.0,151834.77,0.0,198936.05,0.0,1251711.25,292431.69,4160053.26,184539.23,0.0,0.0,0.0,0.0,0.0,0.0,0.0,0.0,0.0,0.0,789444.44,1774833.09,208027.80000000002,1293311.35,0.0,562785.97,0.031757232335055924,0.0,0.02003667908842454,0.01588795319371279,0.0667326469460879,0.017358042167558183,0.07267535672092072,0.0,0.0,0.0,0.0,0.12805967308255398,0.0,0.0,0.0,0.02083605560342359,0.0,0.02729969294467569,0.0,Продукты питания,Косметика и Парфюмерия,Кафе и рестораны
11,Бауржан,Премиальный клиент,Павлодар,50.0,3,3230572.0,2018248.03,7022367.5600000005,0.0,0.0,5150348.81,0.7334205687746711,0.0,0.0,853197.21,229448.34,456565.4,1067671.83,182670.24,0.0,133567.78,176572.90000000002,418663.99,137445.63,649007.8400000001,0.0,0.0,0.0,0.0,906326.25,0.0,0.0,0.0,146424.72,0.0,229448.34,0.0,981428.97,315250.44,4168919.84,263120.01,0.0,0.0,0.0,0.0,0.0,0.0,0.0,0.0,0.0,0.0,853197.21,1499275.03,125587.01999999999,1314290.56,0.0,500975.48,0.02601262870951175,0.0,0.019020334503823663,0.0251443545914307,0.05961863807652927,0.019572548549423977,0.09242008972825684,0.0,0.0,0.0,0.0,0.12906277580263828,0.0,0.0,0.0,0.020851189965339835,0.0,0.03267392913281229,0.0,Продукты питания,Косметика и Парфюмерия,Кафе и рестораны
12,Жанар,Зарплатный клиент,Костанай,42.0,3,849046.0,2101563.25,6927311.73,0.0,0.0,4961292.75,0.7161930837490981,0.0,0.0,995748.27,267975.2,433878.29,863499.5800000001,250371.27000000002,0.0,178864.5,118092.17,457488.61,160315.94,406010.97000000003,0.0,0.0,0.0,0.0,669914.31,0.0,0.0,0.0,136921.62,0.0,267975.2,0.0,1318239.74,364486.76,3643053.01,282860.64999999997,0.0,0.0,0.0,0.0,0.0,0.0,0.0,0.0,0.0,0.0,995748.27,1783809.85,104585.75,1349630.0899999999,0.0,504700.6,0.03614263075757383,0.0,0.025820189269871358,0.017047330133647672,0.06604129102762349,0.023142590697300697,0.058610177486555816,0.0,0.0,0.0,0.0,0.09670624567085853,0.0,0.0,0.0,0.019765476903116065,0.0,0.038683866187150785,0.0,Продукты питания,Кафе и рестораны,Косметика и Парфюмерия
13,Алина,Студент,Алматы,20.0,3,54074.0,652040.05,5501310.83,0.0,0.0,1752361.47,0.31853525898662954,0.0,2102089.44,594503.7,242357.44,566371.3,294422.12,97764.44,0.0,233223.62,184858.12,294422.12,102483.41,0.0,0.0,0.0,67383.33,0.0,463443.56,60657.67,3341.87,0.0,148289.56,0.0,114316.44,0.0,681709.4299999999,138367.45,1070652.04,149592.74,2102089.44,0.0,141889.06,0.0,0.0,0.0,0.0,780910.1599999999,0.0,0.0,594503.7,513285.94,105596.54000000001,0.0,116594.26000000001,439869.55,0.017771117288422695,0.0,0.04239419062238299,0.03360255868327294,0.05351853932601732,0.01862890739442185,0.0,0.0,0.0,0.012248595304330404,0.0,0.08424238773652425,0.01102603940668446,0.000607467947780002,0.0,0.02695531384835421,0.0,0.020779854753271595,0.0,Продукты питания,Кафе и рестораны,Едим дома
14,Диас,Зарплатный клиент,Астана,27.0,3,57385.0,1694597.6800000002,7549491.67,0.0,0.0,3298039.35,0.43685581681024627,0.0,1715514.4,535599.72,168116.72,694503.25,348266.11,175944.25,0.0,271070.26,208571.43,348266.11,47716.22,0.0,0.0,0.0,0.0,0.0,673180.85,0.0,0.0,0.0,214861.56,0.0,168116.72,0.0,634469.29,214288.82,2663570.06,118539.37,1715514.4,0.0,0.0,0.0,0.0,0.0,0.0,988977.55,0.0,0.0,535599.72,1238723.49,81391.85,1280377.64,0.0,407106.45,0.023305443292183935,0.0,0.03590576317570796,0.027627215065196567,0.04613106752391449,0.006320454685659651,0.0,0.0,0.0,0.0,0.0,0.08916903010504282,0.0,0.0,0.0,0.028460400963658525,0.0,0.022268614543686224,0.0,Продукты питания,Кафе и рестораны,Едим дома
15,Нурия,Стандартный клиент,Шымкент,31.0,3,160778.0,1693833.8,7743022.68,0.0,0.0,3539389.67,0.45710697440447123,0.0,1754915.6099999999,574527.95,194645.05,581379.12,409136.65,133817.21,0.0,229167.69,208545.2,409136.65,102316.81,0.0,0.0,0.0,0.0,0.0,763742.59,0.0,0.0,0.0,143666.22999999998,0.0,194645.05,0.0,777850.1100000001,185011.30000000002,2761539.5599999996,153894.47999999998,1754915.6099999999,0.0,0.0,0.0,0.0,0.0,0.0,940756.8099999999,0.0,0.0,574527.95,1269938.88,84989.22,1269938.8,0.0,441343.87,0.017282296014145215,0.0,0.029596670379376962,0.026933306102623997,0.05283939708155421,0.013214065647034886,0.0,0.0,0.0,0.0,0.0,0.09863623310476988,0.0,0.0,0.0,0.018554282473056113,0.0,0.025138122157741114,0.0,Продукты питания,Кафе и рестораны,Едим дома
16,Ерасыл,Студент,Караганда,23.0,3,46630.0,648430.04,5055856.53,0.0,0.0,1773660.47,0.3508130540246956,0.0,1615713.23,580966.4099999999,297283.05,574814.73,300121.06,62533.53,0.0,264133.05,142636.86000000002,300121.06,88627.98999999999,0.0,0.0,0.0,46071.1,0.0,371021.81000000006,105053.24,2311.38,0.0,168044.82,0.0,146158.71,0.0,739742.36,188946.41,1033918.11,110015.44,1615713.23,0.0,153553.91,0.0,0.0,0.0,0.0,825165.81,0.0,0.0,580966.4099999999,562921.96,95847.91,0.0,100066.37,437171.01,0.012368533329406005,0.0,0.0522429875991754,0.02821220482694354,0.05936107130793128,0.01752976760200907,0.0,0.0,0.0,0.00911242234162052,0.0,0.07338456061766453,0.020778524741879887,0.0004571688271383761,0.0,0.03323765597438739,0.0,0.02890879302700466,0.0,Продукты питания,Кафе и рестораны,Едим дома
17,Жанель,Зарплатный клиент,Тараз,30.0,3,89126.0,1741135.6800000002,7431695.970000001,0.0,0.0,3355768.62,0.4515481571832923,0.0,1864213.88,603248.02,183400.08000000002,591096.25,435343.30000000005,163441.13,0.0,229156.99,193521.76,435343.30000000005,116350.51000000001,0.0,0.0,0.0,0.0,0.0,621877.03,0.0,0.0,0.0,168417.5,0.0,183400.08000000002,0.0,800328.8400000001,195567.27000000002,2555439.7800000003,78730.32,1864213.88,0.0,0.0,0.0,0.0,0.0,0.0,807917.37,0.0,0.0,603248.02,1180852.2400000002,73689.19,1393148.9,0.0,420024.68,0.02199244030700034,0.0,0.030835086758803452,0.026040053411926643,0.05857926666502209,0.015655983569521616,0.0,0.0,0.0,0.0,0.0,0.08367901923199907,0.0,0.0,0.0,0.022662054621160718,0.0,0.024678092422018173,0.0,Продукты питания,Кафе и рестораны,Едим дома
18,Санжар,Стандартный клиент,Кызылорда,35.0,3,98089.0,1614104.7399999998,7333100.24,0.0,0.0,3242897.94,0.4422274118538437,0.0,1640070.0599999998,634796.02,174621.63,557755.94,360110.73,202593.39,0.0,304038.74,133859.74000000002,360110.73,109727.57,0.0,0.0,0.0,0.0,0.0,940765.74,0.0,0.0,0.0,119857.45999999999,0.0,174621.63,0.0,694150.21,195020.71000000002,2548747.73,114176.24000000002,1640070.0599999998,0.0,0.0,0.0,0.0,0.0,0.0,795222.44,0.0,0.0,634796.02,1277107.08,77987.88,1226919.9100000001,0.0,437156.91,0.027627249508319827,0.0,0.041461146043191136,0.018254181126535374,0.04910756954278317,0.014963326070666123,0.0,0.0,0.0,0.0,0.0,0.12829031503870456,0.0,0.0,0.0,0.016344718615219692,0.0,0.023812797355133385,0.0,Продукты питания,Кафе и рестораны,Едим дома
19,Азамат,Зарплатный клиент,Алматы,32.0,3,80150.0,1758437.0699999998,5035004.550000001,10057044.870000001,0.0,3432203.82,0.6816684644306824,0.0,0.0,539213.5,224599.28999999998,504635.95999999996,481079.97,185323.07,0.0,137274.24,176406.99,481079.97,159762.59000000003,0.0,0.0,0.0,0.0,0.0,723007.41,0.0,0.0,0.0,190954.72999999998,0.0,224599.28999999998,0.0,762764.89,268884.48,2669438.9299999997,139119.19,0.0,0.0,0.0,8504899.040000001,1552145.8299999998,0.0,0.0,0.0,0.0,0.0,539213.5,1339371.5899999999,69069.73,1281363.67,0.0,486980.53,0.03680693198181916,0.0,0.027263975362246687,0.03503611332386978,0.09554707750959231,0.0317303764899279,0.0,0.0,0.0,0.0,0.0,0.14359617808091155,0.0,0.0,0.0,0.03792543345367979,0.0,0.04460756445592486,0.0,Продукты питания,Кафе и рестораны,Такси
20,Анель,Стандартный клиент,Астана,28.0,3,141515.0,1735674.04,4554887.550000001,8953098.93,0.0,3135269.3299999996,0.6883307865635452,0.0,0.0,607028.67,270102.45,481154.45,529111.27,96467.27,0.0,150345.38,163315.86,529111.27,184174.53,0.0,0.0,0.0,0.0,0.0,652076.02,0.0,0.0,0.0,167493.21000000002,0.0,270102.45,0.0,678335.13,166189.88999999998,2456934.1999999997,133895.66999999998,0.0,0.0,0.0,7617028.33,1336070.6,0.0,0.0,0.0,0.0,0.0,607028.67,1114628.81,64592.969999999994,1370995.51,0.0,376295.87,0.021178847763212067,0.0,0.03300748445480284,0.03585508054968337,0.11616341000558837,0.040434484491280134,0.0,0.0,0.0,0.0,0.0,0.14315963080142338,0.0,0.0,0.0,0.03677219429928627,0.0,0.05929947710783771,0.0,Продукты питания,Кафе и рестораны,Такси
21,Павел,Премиальный клиент,Алматы,44.0,3,1798169.0,1825781.04,4788559.58,10084458.71,0.0,3256872.33,0.6801361193463525,0.0,0.0,566628.25,248405.96999999997,478378.83999999997,535636.58,93380.23999999999,0.0,150931.71,140575.41999999998,535636.58,175285.52,0.0,0.0,0.0,0.0,0.0,685948.29,0.0,0.0,0.0,186871.71000000002,0.0,248405.96999999997,0.0,746047.77,273253.58999999997,2510824.56,140185.84,0.0,0.0,0.0,8420622.99,1663835.72,0.0,0.0,0.0,0.0,0.0,566628.25,1249584.77,80433.32,1331908.29,0.0,461522.0,0.01950069502946437,0.0,0.03151922983904901,0.02935651476221164,0.11185755780029366,0.036605061933885345,0.0,0.0,0.0,0.0,0.0,0.14324731237864227,0.0,0.0,0.0,0.03902461833836053,0.0,0.05187488342788876,0.0,Продукты питания,Кафе и рестораны,Такси
22,Аружан,Зарплатный клиент,Шымкент,26.0,3,77474.0,1652499.82,4552066.36,8825074.049999999,0.0,3012805.73,0.661854527533733,0.0,0.0,425227.52,275781.66000000003,483598.08999999997,481365.51,101345.41,0.0,138749.99,167306.88,481365.51,222662.29,0.0,0.0,0.0,0.0,0.0,741506.9099999999,0.0,0.0,0.0,177541.22,0.0,275781.66000000003,0.0,653210.3500000001,158639.96000000002,2359595.38,108221.98000000001,0.0,0.0,0.0,7350163.629999999,1474910.42,0.0,0.0,0.0,0.0,0.0,425227.52,1292588.4000000001,117475.24,1268162.64,0.0,474655.06,0.022263605577138378,0.0,0.030480660655395186,0.03675405118654729,0.10574659328999764,0.04891455273072952,0.0,0.0,0.0,0.0,0.0,0.1628945738831452,0.0,0.0,0.0,0.03900233563378896,0.0,0.06058383999481062,0.0,Продукты питания,Кафе и рестораны,Такси
23,Темирлан,Стандартный клиент,Павлодар,39.0,3,146389.0,1724251.0599999998,4508846.51,10787816.53,0.0,3130788.98,0.6943658368179848,0.0,0.0,548311.6900000001,265462.72,426695.79,518071.44999999995,179132.71,0.0,110437.82999999999,150454.97999999998,518071.44999999995,171860.22,0.0,0.0,0.0,0.0,0.0,757229.31,0.0,0.0,0.0,165802.98,0.0,265462.72,0.0,740765.19,207098.31,2390023.79,146363.08000000002,0.0,0.0,0.0,7288324.959999999,3499491.5700000003,0.0,0.0,0.0,0.0,0.0,548311.6900000001,1134295.08,61474.20999999999,1309315.46,0.0,436215.95,0.03972916567523608,0.0,0.024493588272535807,0.033368840493086555,0.11490110582628815,0.03811622764687991,0.0,0.0,0.0,0.0,0.0,0.16794302230527694,0.0,0.0,0.0,0.0367728153159066,0.0,0.05887597180592426,0.0,Продукты питания,Кафе и рестораны,Такси
24,Гульмира,Зарплатный клиент,Усть-Каменогорск,41.0,3,53785.0,1619420.54,4783036.8,9924668.44,0.0,3222931.11,0.6738252797887735,0.0,0.0,539462.02,259775.57,459061.14,546538.44,186830.91999999998,0.0,166538.66,100876.93,546538.44,175878.93,0.0,0.0,0.0,0.0,0.0,879653.8500000001,0.0,0.0,0.0,191645.55,0.0,259775.57,0.0,806563.3999999999,210497.87,2416367.71,128711.60999999999,0.0,0.0,0.0,7994088.2,1930580.2399999998,0.0,0.0,0.0,0.0,0.0,539462.02,1367339.82,61417.51,1218793.55,0.0,459867.25,0.039061150438984706,0.0,0.03481860311005761,0.021090561126353866,0.11426599101223724,0.0367713938558867,0.0,0.0,0.0,0.0,0.0,0.1839111607922398,0.0,0.0,0.0,0.04006775569863899,0.0,0.0543118484892276,0.0,Продукты питания,Кафе и рестораны,Такси
25,Адиль,Зарплатный клиент,Алматы,36.0,3,55634.0,1855648.7599999998,5911423.94,0.0,0.0,3809694.2100000004,0.644463034400473,0.0,0.0,899861.6500000001,311411.08,506277.46,434371.47,175295.05,0.0,215570.58000000002,138862.44,434371.47,136428.18,0.0,0.0,0.0,0.0,0.0,676328.15,0.0,0.0,0.0,151844.44,0.0,311411.08,0.0,625173.29,197136.72000000003,3184520.9200000004,181452.94,0.0,0.0,0.0,0.0,0.0,0.0,0.0,0.0,0.0,0.0,899861.6500000001,1293709.27,115445.91,1361613.19,0.0,533332.1,0.02965360829796957,0.0,0.0364667772414915,0.02349052299571666,0.07348000657858417,0.02307873388623858,0.0,0.0,0.0,0.0,0.0,0.11441036150758627,0.0,0.0,0.0,0.025686609781534295,0.0,0.05267953764791229,0.0,Продукты питания,Кафе и рестораны,Такси
26,Маржан,Стандартный клиент,Астана,33.0,3,136248.0,1709209.9899999998,6023392.53,0.0,0.0,4056511.6900000004,0.6734596275763552,0.0,0.0,829076.4299999999,728464.99,480754.02999999997,458054.7,201951.78999999998,0.0,136738.47,158617.78,458054.7,180061.2,0.0,0.0,0.0,146246.03,0.0,640303.74,275849.7,23773.7,0.0,185397.77999999997,0.0,306369.26,0.0,657742.2,189835.96999999997,3398769.49,88236.66,0.0,0.0,0.0,0.0,0.0,0.0,0.0,0.0,0.0,0.0,829076.4299999999,1302506.28,66741.52,1364395.8399999999,0.0,493040.32999999996,0.03352791454220566,0.0,0.022701238433152554,0.026333628301657436,0.07604596541211966,0.02989365197489462,0.0,0.0,0.0,0.024279677818041853,0.0,0.10630284126609958,0.04579640105241489,0.003946895355332255,0.0,0.030779627772324503,0.0,0.050863240021981435,0.0,Продукты питания,Кафе и рестораны,Такси
27,Нурсултан,Зарплатный клиент,Караганда,29.0,3,70858.0,1391866.82,5931426.81,0.0,0.0,4094876.2199999997,0.6903695099290958,0.0,0.0,910518.49,555532.39,423229.4,575846.4299999999,85724.95,0.0,163252.51,124264.89,575846.4299999999,159452.22999999998,0.0,0.0,0.0,134771.35,0.0,715010.52,138624.27000000002,34636.57,0.0,135712.0,0.0,282136.77,0.0,735481.9099999999,207712.72999999998,3359394.31,121835.63,0.0,0.0,0.0,0.0,0.0,0.0,0.0,0.0,0.0,0.0,910518.49,1243241.17,106121.79000000001,956196.67,0.0,418272.83999999997,0.014452669272673703,0.0,0.027523311882524944,0.020950252608781667,0.097083964524212,0.026882609380119788,0.0,0.0,0.0,0.022721573462355513,0.0,0.12054612539339418,0.023371150726548377,0.005839500529890211,0.0,0.022880160937196158,0.0,0.047566425252746236,0.0,Продукты питания,Кафе и рестораны,Такси
28,Алтынай,Стандартный клиент,Кызылорда,42.0,3,150281.0,1671967.87,6018741.7,0.0,0.0,3774584.45,0.6271384681618751,0.0,0.0,944767.97,559174.44,435882.6,472546.38,149140.07,0.0,156564.21,157793.3,472546.38,176449.94,0.0,0.0,0.0,203146.35,0.0,670120.92,91899.55,38176.3,0.0,121525.09,0.0,264128.54,0.0,602732.1100000001,229524.15000000002,3171852.34,101766.45000000001,0.0,0.0,0.0,0.0,0.0,0.0,0.0,0.0,0.0,0.0,944767.97,1414282.21,117386.33000000002,1223290.94,0.0,487839.18,0.024779277369553838,0.0,0.0260127810435859,0.02621699150172867,0.07851248708679423,0.029316749047396402,0.0,0.0,0.0,0.033752295766405795,0.0,0.1113390395205031,0.015268897484004007,0.006342903866434408,0.0,0.02019111237154437,0.0,0.04388434546044732,0.0,Продукты питания,Кафе и рестораны,Такси
29,Сая,Зарплатный клиент,Тараз,25.0,3,88487.0,1299141.59,5813215.239999999,0.0,0.0,3842922.2600000002,0.6610665701069071,0.0,0.0,837251.78,590719.98,426232.70999999996,513020.12000000005,157269.69999999998,0.0,168495.66,123284.25,513020.12000000005,95645.93,0.0,0.0,0.0,175328.0,0.0,896214.89,96798.09,0.0,0.0,134452.8,0.0,318593.89,0.0,598694.23,182041.87000000002,3244228.0300000003,108002.75,0.0,0.0,0.0,0.0,0.0,0.0,0.0,0.0,0.0,0.0,837251.78,1282776.6099999999,48428.59,960668.38,0.0,448958.82,0.02705382365989944,0.0,0.028984933989817316,0.021207583911859423,0.08825066659668361,0.016453189164900076,0.0,0.0,0.0,0.03016024570939507,0.0,0.1541685372035184,0.016651385851661673,0.0,0.0,0.02312881846776415,0.0,0.05480510816248394,0.0,Продукты питания,Кафе и рестораны,Такси
30,Ербол,Стандартный клиент,Павлодар,40.0,3,104553.0,1935852.54,5881396.67,0.0,0.0,3947143.8,0.6711235479378064,0.0,0.0,886490.96,629105.48,433018.54,547863.26,154940.86,0.0,109586.49,174357.03999999998,547863.26,127883.66,0.0,0.0,0.0,158742.55,0.0,889618.3800000001,165132.74,8065.31,0.0,149075.01,0.0,305230.19,0.0,601452.24,301992.08999999997,3345691.56,140128.91999999998,0.0,0.0,0.0,0.0,0.0,0.0,0.0,0.0,0.0,0.0,886490.96,1226662.67,94459.42,1399272.11,0.0,422551.48,0.026344228878546292,0.0,0.018632732350630586,0.029645516155943956,0.0931518975406908,0.021743756997774477,0.0,0.0,0.0,0.02699062126003482,0.0,0.15125971430184118,0.028077130189554107,0.0013713256310596716,0.0,0.02534687224216761,0.0,0.051897569085405694,0.0,Продукты питания,Кафе и рестораны,Такси
31,Дамир,Зарплатный клиент,Алматы,34.0,3,1303848.0,1652209.55,6115881.390000001,0.0,0.0,4367161.050000001,0.714068957769634,0.0,0.0,598234.14,294795.81,474318.32,529320.66,247097.46999999997,0.0,134902.32,173909.03999999998,529320.66,135584.34,0.0,0.0,0.0,0.0,0.0,662092.29,0.0,0.0,0.0,165506.96000000002,0.0,294795.81,0.0,811615.94,228095.39,3555545.1100000003,118447.64000000001,0.0,0.0,0.0,0.0,0.0,0.0,0.0,0.0,0.0,0.0,598234.14,1475665.18,58083.920000000006,1247582.6,0.0,486436.95999999996,0.040402593549970715,0.0,0.022057707041306763,0.02843564629692728,0.08654854897373998,0.022169223265462966,0.0,0.0,0.0,0.0,0.0,0.10825786959874314,0.0,0.0,0.0,0.02706183286527079,0.0,0.048201688554983566,0.0,Продукты питания,Кафе и рестораны,Такси
32,Алия,Премиальный клиент,Астана,46.0,3,2317160.0,2995477.87,5542376.92,0.0,0.0,3879503.38,0.6999710478009136,0.0,0.0,536185.4299999999,299663.25,467167.4,1177735.04,113223.29000000001,0.0,191462.66999999998,116584.73000000001,1177735.04,179676.91999999998,0.0,0.0,0.0,0.0,0.0,820872.0700000001,0.0,0.0,0.0,159120.0,0.0,299663.25,0.0,733894.4099999999,283851.13,3145608.97,109873.95,0.0,0.0,0.0,0.0,0.0,0.0,0.0,0.0,0.0,0.0,536185.4299999999,1397208.18,76386.45,2525366.34,0.0,463374.33999999997,0.020428652117005425,0.0,0.03454522721273168,0.021035150023683342,0.2124963814261842,0.032418747875415155,0.0,0.0,0.0,0.0,0.0,0.14810830837538924,0.0,0.0,0.0,0.028709703850311213,0.0,0.054067641794380165,0.0,Кафе и рестораны,Продукты питания,Такси
33,Мерей,Зарплатный клиент,Шымкент,31.0,3,824246.0,1737311.58,5802123.54,0.0,0.0,4191737.62,0.7224488742961168,0.0,0.0,505892.19,237022.27,505365.9,509099.52,184962.49,0.0,172249.56,148240.92,509099.52,138677.34000000003,0.0,0.0,0.0,0.0,0.0,903668.1200000001,0.0,0.0,0.0,184875.41999999998,0.0,237022.27,0.0,638770.2,213383.15,3552967.42,122336.79,0.0,0.0,0.0,0.0,0.0,0.0,0.0,0.0,0.0,0.0,505892.19,1335090.62,102295.86000000002,1299295.78,0.0,408173.31,0.031878412916385435,0.0,0.02968733064928845,0.025549424961054865,0.08774365393812349,0.02390113534190622,0.0,0.0,0.0,0.0,0.0,0.15574782470074744,0.0,0.0,0.0,0.03186340634174087,0.0,0.04085095196025419,0.0,Продукты питания,Кафе и рестораны,Такси
35,Самат,Премиальный клиент,Алматы,52.0,3,1448797.0,2562303.25,5316815.640000001,0.0,0.0,3907822.1,0.734992966579522,0.0,0.0,432611.95999999996,307225.0,436639.01999999996,1108157.18,151296.69,0.0,136283.53,128484.83,1108157.18,171360.76,0.0,0.0,0.0,0.0,0.0,805992.06,0.0,0.0,0.0,171870.65999999997,0.0,307225.0,0.0,671902.75,265378.81999999995,3235919.35,121718.93,0.0,0.0,0.0,0.0,0.0,0.0,0.0,0.0,0.0,0.0,432611.95999999996,1171327.98,75827.16,2099378.34,0.0,476956.35,0.02845626033405213,0.0,0.02563254760513005,0.02416574857953886,0.2084249774739227,0.03222996086431915,0.0,0.0,0.0,0.0,0.0,0.15159300501907189,0.0,0.0,0.0,0.03232586413321639,0.0,0.05778364735625852,0.0,Кафе и рестораны,Продукты питания,Такси
36,Назым,Зарплатный клиент,Усть-Каменогорск,29.0,3,712277.0,1558604.04,5767124.42,0.0,0.0,4083043.6499999994,0.7079860520852088,0.0,0.0,637233.56,266906.79,547877.12,396270.42000000004,119618.49999999999,0.0,193635.07,197415.99000000002,396270.42000000004,148297.71000000002,0.0,0.0,0.0,0.0,0.0,723854.81,0.0,0.0,0.0,156826.06,0.0,266906.79,0.0,611012.5,232471.74000000002,3472031.1499999994,144614.72,0.0,0.0,0.0,0.0,0.0,0.0,0.0,0.0,0.0,0.0,637233.56,1160602.96,70233.62,1111283.96,0.0,497256.75,0.020741446046346958,0.0,0.03357567062858686,0.034231269454734606,0.06871195957308653,0.02571432471366727,0.0,0.0,0.0,0.0,0.0,0.12551399229219334,0.0,0.0,0.0,0.02719311195301037,0.0,0.04628074072312107,0.0,Продукты питания,Кафе и рестораны,Такси
37,Гульнар,Зарплатный клиент,Алматы,45.0,3,900361.0,1940153.89,5489688.37,0.0,0.0,4176517.8200000003,0.7607932433512615,0.0,0.0,540972.27,233716.30000000002,530613.64,440337.92,95939.71,0.0,172399.95,201479.44,440337.92,133883.44,0.0,0.0,0.0,0.0,0.0,856357.09,0.0,0.0,0.0,156734.25,0.0,233716.30000000002,0.0,864660.29,299270.81,3311857.5300000003,180833.58000000002,0.0,0.0,0.0,0.0,0.0,0.0,0.0,0.0,0.0,0.0,540972.27,1154446.99,100807.24,1359242.26,0.0,482411.57999999996,0.017476349026347374,0.0,0.03140432359369062,0.03670143483936958,0.0802118244828531,0.024388167592835512,0.0,0.0,0.0,0.0,0.0,0.15599375270184962,0.0,0.0,0.0,0.028550664343083648,0.0,0.0425736916647602,0.0,Продукты питания,Кафе и рестораны,Такси
38,Серик,Премиальный клиент,Астана,54.0,3,5818675.0,2857739.8200000003,5318379.05,0.0,0.0,3747758.9699999997,0.704680680855194,0.0,0.0,473249.22000000003,304214.93,555676.31,1061918.44,211893.45,0.0,175388.64,208279.7,1061918.44,112177.56,0.0,0.0,0.0,0.0,0.0,740053.6,0.0,0.0,0.0,172007.97,0.0,304214.93,0.0,592620.34,363745.55,3155138.63,133323.63,0.0,0.0,0.0,0.0,0.0,0.0,0.0,0.0,0.0,0.0,473249.22000000003,1179594.5,84553.88,2276116.76,0.0,510396.69999999995,0.03984173523697977,0.0,0.03297783748602876,0.03916225188951134,0.19966956661353424,0.02109243416939227,0.0,0.0,0.0,0.0,0.0,0.13915021720762832,0.0,0.0,0.0,0.03234217952178493,0.0,0.05720068598720883,0.0,Кафе и рестораны,Продукты питания,Такси
39,Ляззат,Зарплатный клиент,Костанай,39.0,3,1248239.0,1631259.8599999999,5717714.359999999,0.0,0.0,4287957.83,0.7499426449137975,0.0,0.0,555764.48,247009.29,561702.81,498659.06999999995,24204.79,0.0,184101.97,136862.83000000002,498659.06999999995,224818.88999999998,0.0,0.0,0.0,0.0,0.0,664185.05,0.0,0.0,0.0,240738.00999999998,0.0,247009.29,0.0,764053.13,248532.53,3523904.7,77928.11,0.0,0.0,0.0,0.0,0.0,0.0,0.0,0.0,0.0,0.0,555764.48,1226044.41,39723.35,1265075.87,0.0,412000.77,0.004233298216037501,0.0,0.0321985252162894,0.023936632959048347,0.08721300831124415,0.03931971341079725,0.0,0.0,0.0,0.0,0.0,0.11616268462910766,0.0,0.0,0.0,0.04210388886932785,0.0,0.04320070476553153,0.0,Продукты питания,Кафе и рестораны,Такси
40,Асхат,Стандартный клиент,Павлодар,43.0,3,86092.0,1783795.67,5424391.529999999,0.0,0.0,3830219.61,0.7061104621258784,0.0,0.0,538940.75,304917.3,476913.64,593461.26,72412.77,0.0,212392.93,134326.65000000002,593461.26,119405.62,0.0,0.0,0.0,0.0,0.0,893488.52,0.0,0.0,0.0,130194.06,0.0,304917.3,0.0,521237.27,224542.69,3308982.34,155751.11,0.0,0.0,0.0,0.0,0.0,0.0,0.0,0.0,0.0,0.0,538940.75,1185247.3599999999,98784.29000000001,1304717.58,0.0,391221.08,0.013349473318715254,0.0,0.03915516216433588,0.02476345028877369,0.10940605166825045,0.022012721489519767,0.0,0.0,0.0,0.0,0.0,0.1647168193996498,0.0,0.0,0.0,0.024001597097103353,0.0,0.05621225870471043,0.0,Продукты питания,Кафе и рестораны,Такси
41,Сандугаш,Зарплатный клиент,Шымкент,47.0,3,1164313.0,1649794.96,5844543.89,0.0,0.0,4284072.56,0.7330037451391267,0.0,0.0,510113.30000000005,249254.79,438685.50999999995,517690.41000000003,110694.09999999999,0.0,120011.21999999999,158052.18,517690.41000000003,238567.41000000003,0.0,0.0,0.0,0.0,0.0,852477.58,0.0,0.0,0.0,160622.11,0.0,249254.79,0.0,682503.3,250822.61000000002,3601569.26,119658.76000000001,0.0,0.0,0.0,0.0,0.0,0.0,0.0,0.0,0.0,0.0,510113.30000000005,1275292.21,53745.53,1225568.06,0.0,457569.12,0.018939732865963642,0.0,0.0205338897711657,0.02704268852705972,0.08857669986630899,0.040818824272701296,0.0,0.0,0.0,0.0,0.0,0.14585870104570298,0.0,0.0,0.0,0.027482402908261844,0.0,0.042647432321703385,0.0,Продукты питания,Кафе и рестораны,Такси
42,Рустем,Премиальный клиент,Алматы,58.0,3,2948028.0,2907170.75,4958280.6899999995,0.0,0.0,3580499.1399999997,0.722125140519223,0.0,0.0,547042.24,344075.9,442525.52,1194562.6400000001,120492.81,0.0,133426.11,174261.8,1194562.6400000001,206573.7,0.0,0.0,0.0,0.0,0.0,851849.75,0.0,0.0,0.0,134837.61000000002,0.0,344075.9,0.0,706734.05,381526.63,2873765.09,110042.90000000001,0.0,0.0,0.0,0.0,0.0,0.0,0.0,0.0,0.0,0.0,547042.24,1098496.69,72249.95999999999,2343351.26,0.0,438976.67000000004,0.024301328935050673,0.0,0.026909753267719903,0.03514561012075337,0.2409227542138201,0.041662365024356864,0.0,0.0,0.0,0.0,0.0,0.17180345431391866,0.0,0.0,0.0,0.02719442855906571,0.0,0.06939419559161748,0.0,Кафе и рестораны,Продукты питания,Такси
43,Нуртас,Зарплатный клиент,Астана,28.0,3,76320.0,1734799.88,6300965.5200000005,0.0,0.0,3496406.3200000003,0.5549000877567094,1175431.08,0.0,501708.4600000001,217371.86000000002,509430.14,419904.74,141541.12,0.0,146877.55,184512.52000000002,419904.74,177599.26,0.0,0.0,0.0,0.0,0.0,851302.44,0.0,0.0,0.0,178040.07,0.0,217371.86000000002,0.0,542619.33,194559.5,2953786.99,149477.43,0.0,1175431.08,0.0,0.0,0.0,0.0,0.0,0.0,0.0,0.0,501708.4600000001,1266874.73,89206.1,1301556.85,0.0,403164.26,0.022463401767670678,0.0,0.02331032435168761,0.029283213725632324,0.06664133277148927,0.028186039018350317,0.0,0.0,0.0,0.0,0.0,0.1351066653670563,0.0,0.0,0.0,0.02825599813788538,0.0,0.034498182748348066,0.0,Продукты питания,Кафе и рестораны,Такси
44,Айнагуль,Стандартный клиент,Алматы,35.0,3,89846.0,1738021.7199999997,7001594.7700000005,0.0,0.0,4063566.08,0.5803772159753255,1429354.7999999998,0.0,635902.25,255733.78999999998,477101.65,446361.16000000003,72173.84,0.0,149954.71999999997,180033.88,446361.16000000003,143519.68,0.0,0.0,0.0,0.0,0.0,832844.2,0.0,0.0,0.0,147113.05000000002,0.0,255733.78999999998,0.0,872369.37,237017.86,3191196.71,119856.87,0.0,1429354.7999999998,0.0,0.0,0.0,0.0,0.0,0.0,0.0,0.0,635902.25,1309536.51,76286.6,1304860.39,0.0,435604.5,0.010308200113100803,0.0,0.021417223493498463,0.025713267607459664,0.06375135589288039,0.020498141454136167,0.0,0.0,0.0,0.0,0.0,0.11895064301186341,0.0,0.0,0.0,0.021011363101209584,0.0,0.03652507727178846,0.0,Продукты питания,Кафе и рестораны,Такси
45,Диана,Зарплатный клиент,Караганда,27.0,3,72552.0,1735055.09,6764219.3100000005,0.0,0.0,3924245.6,0.5801476002113835,1504725.1,0.0,523107.19,384755.74,242908.15999999997,3305917.5500000003,0.0,228330.57,131343.96999999997,0.0,1264161.98,2708.77,737486.91,917171.8600000001,797563.6000000001,384755.74,550629.44,864066.46,0.0,0.0,1391793.4700000002,111564.19,621808.26,0.0,1304268.6600000001,808379.48,142976.91999999998,3115866.12,218627.71999999997,0.0,1504725.1,0.0,0.0,0.0,0.0,0.0,0.0,0.0,0.0,523107.19,1199565.89,69181.79000000001,1304268.6600000001,0.0,420955.01,0.0,0.03375564267445373,0.01941746179131498,0.0,0.1868895613912317,0.00040045567357572853,0.10902764623697572,0.13559167998058302,0.11790918706921702,0.05688102682170427,0.08140325065835276,0.12774075180007727,0.0,0.0,0.20575818231416865,0.016493283982538406,0.09192609398112492,0.0,0.19281880143534258,Ремонт дома,Ювелирные украшения,Кафе и рестораны
46,Арсен,Стандартный клиент,Кызылорда,33.0,3,86024.0,1810997.26,6787903.56,0.0,0.0,3633139.79,0.5352373907327582,1359978.22,0.0,622771.4299999999,229780.91,564456.3200000001,454632.55,100451.7,0.0,204532.72,164035.89,454632.55,130883.4,0.0,0.0,0.0,0.0,0.0,825322.54,0.0,0.0,0.0,195887.71,0.0,229780.91,0.0,645085.6100000001,202857.61000000002,2988054.18,107920.81,0.0,1359978.22,0.0,0.0,0.0,0.0,0.0,0.0,0.0,0.0,622771.4299999999,1318812.81,86912.22999999998,1413306.6099999999,0.0,498286.92000000004,0.014798633939342533,0.0,0.030131942534551863,0.024165913459147616,0.06697687231136797,0.019281859095829582,0.0,0.0,0.0,0.0,0.0,0.12158725189666662,0.0,0.0,0.0,0.028858351959260894,0.0,0.03385152837969902,0.0,Продукты питания,Кафе и рестораны,Такси
47,Камшат,Зарплатный клиент,Тараз,30.0,3,79592.0,1701694.04,6670839.26,0.0,0.0,3789248.63,0.5680317696637169,1456715.49,0.0,527586.04,450712.26999999996,427735.23000000004,441531.83,151366.94,0.0,163738.90000000002,124933.64000000001,441531.83,128971.87,0.0,0.0,0.0,94220.89,0.0,895964.51,79855.36,0.0,0.0,139062.69,0.0,276636.01999999996,0.0,688650.72,338707.53,3100597.9099999997,117618.85,0.0,1456715.49,0.0,0.0,0.0,0.0,0.0,0.0,0.0,0.0,527586.04,1177669.54,82563.98999999999,1162803.6700000002,0.0,408270.28,0.022690839053435684,0.0,0.024545472258913344,0.01872832414792738,0.0661883479410955,0.019333679762507123,0.0,0.0,0.0,0.014124293260215658,0.0,0.1343106129647621,0.011970811600698052,0.0,0.0,0.02084635599509259,0.0,0.04146944772883045,0.0,Продукты питания,Кафе и рестораны,Такси
48,Ержан,Стандартный клиент,Павлодар,38.0,3,82214.0,1500489.58,6907868.47,0.0,0.0,4302238.82,0.6228026544923488,1339435.8800000001,0.0,594977.23,271230.86,494446.93,490663.63,154084.32,0.0,205996.97,166279.13,490663.63,150948.19,0.0,0.0,0.0,0.0,0.0,665090.6,0.0,0.0,0.0,122170.83,0.0,271230.86,0.0,871402.23,156781.19,3430836.59,76899.47,0.0,1339435.8800000001,0.0,0.0,0.0,0.0,0.0,0.0,0.0,0.0,594977.23,1194175.74,67729.48999999999,1199079.4300000002,0.0,348443.03,0.022305624472899094,0.0,0.029820627143469627,0.024070975109345128,0.07102967176212029,0.02185163059423452,0.0,0.0,0.0,0.0,0.0,0.0962801481945414,0.0,0.0,0.0,0.017685749306109763,0.0,0.039264045222910854,0.0,Продукты питания,Кафе и рестораны,Такси
49,Амина,Зарплатный клиент,Алматы,26.0,3,1410759.0,2486275.2399999998,8591915.08,0.0,4170314.1399999997,3567870.27,0.41525902395208497,0.0,0.0,523028.56,619066.24,434822.18000000005,603792.5,53059.79000000001,0.0,185075.15000000002,129329.25,603792.5,192434.72000000003,0.0,0.0,0.0,181758.15,0.0,794841.9400000001,181809.84,24318.98,0.0,120417.78,0.0,255498.25,0.0,767152.31,213643.80000000002,2800717.96,114031.4,0.0,0.0,0.0,0.0,0.0,0.0,0.0,0.0,537426.03,3632888.11,523028.56,1215356.13,82715.32,1538458.69,0.0,419924.32,0.0061755486996736015,0.0,0.0215406167631722,0.015052435783618104,0.07027449577632464,0.02239718598336054,0.0,0.0,0.0,0.021154556150478152,0.0,0.09251045111586462,0.021160572271391676,0.0028304492972246647,0.0,0.014015243269839208,0.0,0.029737054849941557,0.0,Продукты питания,Кафе и рестораны,Такси
50,Тимурлан,Премиальный клиент,Астана,42.0,3,3573697.0,3428311.5599999996,8072598.630000001,0.0,3985043.42,3145639.96,0.38966881721456276,0.0,0.0,520486.78,350642.63,467217.87,961464.73,161317.38,0.0,133769.46,171562.03,961464.73,214598.61,0.0,0.0,0.0,0.0,0.0,865997.11,0.0,0.0,0.0,161886.38,0.0,350642.63,0.0,654476.27,329524.24,2491163.69,106588.9,0.0,0.0,0.0,0.0,0.0,0.0,0.0,0.0,549328.5,3435714.92,520486.78,1179330.85,84199.01999999999,2358670.9000000004,0.0,445902.39,0.019983327227554727,0.0,0.01657080527983589,0.021252391932683017,0.11910225864902191,0.02658358477064528,0.0,0.0,0.0,0.0,0.0,0.10727612627509017,0.0,0.0,0.0,0.02005381258500647,0.0,0.043436153099067176,0.0,Кафе и рестораны,Продукты питания,Такси
51,Жанат,Зарплатный клиент,Шымкент,31.0,3,1429027.0,2717419.74,9289865.57,0.0,5268557.68,3546798.62,0.3817922437385711,0.0,0.0,570573.83,242550.77999999997,560258.72,427785.93000000005,218971.49,0.0,210775.92,197196.97999999998,427785.93000000005,140993.97999999998,0.0,0.0,0.0,0.0,0.0,714408.1000000001,0.0,0.0,0.0,152285.82,0.0,242550.77999999997,0.0,765324.81,251626.14999999997,2781473.81,157192.07,0.0,0.0,0.0,0.0,0.0,0.0,0.0,0.0,995734.69,4272822.99,570573.83,1150333.05,81252.87,1231613.96,0.0,514661.89,0.023571007389722648,0.0,0.02268880194355708,0.02122710802584843,0.04604866741898398,0.015177181944948206,0.0,0.0,0.0,0.0,0.0,0.07690187706343743,0.0,0.0,0.0,0.016392682849123295,0.0,0.02610918082423877,0.0,Продукты питания,Кафе и рестораны,Такси
52,Милана,Премиальный клиент,Алматы,36.0,3,3418709.0,3879459.8900000006,8290831.31,0.0,4239815.96,3050500.08,0.36793657546989705,0.0,0.0,595358.63,430604.2,423202.75,940575.11,74623.2,0.0,169396.97999999998,123337.43000000001,940575.11,156278.40000000002,0.0,0.0,0.0,0.0,0.0,847744.31,0.0,0.0,0.0,130468.34,0.0,430604.2,0.0,673217.98,366306.13,2377282.1,142453.84,0.0,0.0,0.0,0.0,0.0,0.0,0.0,0.0,668970.5700000001,3570845.39,595358.63,1288827.44,83231.08,2618498.27,0.0,458517.75,0.009000689702852005,0.0,0.020431844970199977,0.014876364671807562,0.11344762362557345,0.018849545257482753,0.0,0.0,0.0,0.0,0.0,0.10225082121469434,0.0,0.0,0.0,0.01573646056971819,0.0,0.05193739733681785,0.0,Кафе и рестораны,Продукты питания,Такси
53,Расул,Зарплатный клиент,Караганда,29.0,3,1258584.0,2122626.83,7894822.98,0.0,3475960.71,3565765.25,0.45165867037591256,0.0,0.0,457279.87,315006.51,500954.31,552325.0700000001,141194.94,0.0,203271.71,165529.0,552325.0700000001,56856.95,0.0,0.0,0.0,0.0,0.0,725480.28,0.0,0.0,0.0,132153.6,0.0,315006.51,0.0,600306.8700000001,266391.35,2965458.38,121146.5,0.0,0.0,0.0,0.0,0.0,0.0,0.0,0.0,689604.36,2786356.35,457279.87,1247900.0699999998,80541.56000000001,964943.0599999999,0.0,437828.31000000006,0.01788449726582723,0.0,0.02574746900784848,0.02096677790234633,0.06996041220926781,0.007201801755914734,0.0,0.0,0.0,0.0,0.0,0.09189316617204253,0.0,0.0,0.0,0.01673927336113621,0.0,0.03990038925483292,0.0,Продукты питания,Кафе и рестораны,Такси
54,Виктория,Премиальный клиент,Усть-Каменогорск,45.0,3,4083294.0,3802324.34,8398251.79,0.0,4173430.2299999995,3454790.51,0.4113701989875681,0.0,0.0,471568.4199999999,1057426.08,420634.15,1161255.28,181374.44,0.0,166087.88,121734.25,1161255.28,129560.26000000001,0.0,0.0,0.0,543000.99,0.0,903535.8300000001,153576.18,15607.38,0.0,132812.02,0.0,360848.91000000003,0.0,748077.21,280048.0,2706713.3,116520.04,0.0,0.0,0.0,0.0,0.0,0.0,0.0,0.0,708749.2999999999,3464680.9299999997,471568.4199999999,1324540.73,141371.16,2555635.84,0.0,430748.41000000003,0.021596689946348942,0.0,0.01977648255292427,0.014495189361308732,0.13827345369458138,0.015427051157750537,0.0,0.0,0.0,0.06465643131187902,0.0,0.10758618014714229,0.018286684400539984,0.001858408200928684,0.0,0.015814246026553104,0.0,0.042967145904064405,0.0,Кафе и рестораны,Продукты питания,Отели
55,Асель,Премиальный клиент,Алматы,49.0,3,3504443.0,6309647.34,9782634.93,0.0,0.0,3500593.5599999996,0.3578374931752666,0.0,0.0,504904.05000000005,311304.06,481665.88,852621.66,63777.71,0.0,191937.85,152322.05,852621.66,160122.29,0.0,0.0,0.0,0.0,0.0,855245.3,0.0,0.0,0.0,137405.97999999998,0.0,311304.06,0.0,556337.38,274094.89999999997,2944256.1799999997,130212.65000000002,0.0,0.0,0.0,0.0,0.0,4500000.0,3158855.14,0.0,0.0,0.0,504904.05000000005,1366964.73,50884.58,2695600.0700000003,0.0,466509.97,0.00651948176093289,0.0,0.019620260939247788,0.015570656688095381,0.08715664706911434,0.016368012416466616,0.0,0.0,0.0,0.0,0.0,0.08742484066100176,0.0,0.0,0.0,0.014045906954845344,0.0,0.03182210746159368,0.0,Продукты питания,Кафе и рестораны,Такси
56,Нуркен,Зарплатный клиент,Астана,44.0,3,60622.0,6106146.35,9087455.72,0.0,0.0,3796309.2,0.4177527040538911,0.0,0.0,485530.00999999995,581925.7,507880.02,541118.9199999999,161763.76,0.0,139067.38,179500.84,541118.9199999999,109659.84,0.0,0.0,0.0,224207.33,0.0,826214.6499999999,146637.4,10104.26,0.0,189311.8,0.0,211080.97,0.0,697269.9600000001,275792.26,3099039.24,164987.34,0.0,0.0,0.0,0.0,0.0,3659601.59,4255290.95,0.0,0.0,0.0,485530.00999999995,1350424.3,58447.96,1351627.8399999999,0.0,492860.57999999996,0.017800775594865842,0.0,0.015303225048341694,0.019752595834381683,0.059545700873027185,0.012067166364140477,0.0,0.0,0.0,0.024672178540199804,0.0,0.09091814864986213,0.016136243687798677,0.0011118909749141535,0.0,0.020832211548866834,0.0,0.02322773023646711,0.0,Продукты питания,Кафе и рестораны,Отели
57,Жания,Премиальный клиент,Павлодар,52.0,3,2757704.0,7709358.49,8731940.08,0.0,0.0,3703361.1999999997,0.4241166528939351,0.0,0.0,514679.57999999996,306034.88999999996,493145.9,1065348.9500000002,134643.77,0.0,148494.03,190789.66999999998,1065348.9500000002,161812.51,0.0,0.0,0.0,0.0,0.0,846678.47,0.0,0.0,0.0,153862.2,0.0,306034.88999999996,0.0,599010.44,318664.31,3104350.76,146613.56,0.0,0.0,0.0,0.0,0.0,3616135.87,4500000.0,0.0,0.0,0.0,514679.57999999996,1116685.75,86728.01000000001,2657352.6100000003,0.0,380088.12,0.015419685518501633,0.0,0.017005846196782422,0.021849631153217898,0.12200598495174284,0.018531106319730952,0.0,0.0,0.0,0.0,0.0,0.09696338525492951,0.0,0.0,0.0,0.01762062022761842,0.0,0.035047754244323666,0.0,Кафе и рестораны,Продукты питания,Такси
58,Султан,Зарплатный клиент,Караганда,40.0,3,62335.0,5547435.71,8776076.52,0.0,0.0,4075945.5599999996,0.4644382430703783,0.0,0.0,639623.11,214579.62,514239.16000000003,443005.61,123720.87000000001,0.0,178752.22,180956.35,443005.61,212897.21,0.0,0.0,0.0,0.0,0.0,928688.8300000001,0.0,0.0,0.0,154530.59,0.0,214579.62,0.0,639265.44,284361.46,3436680.1199999996,137716.8,0.0,0.0,0.0,0.0,0.0,2965472.02,3746346.66,0.0,0.0,0.0,639623.11,1228645.82,115837.3,1263173.49,0.0,505655.45000000007,0.01409751495648992,0.0,0.020368124593334792,0.020619276687892873,0.05047877704694398,0.024258814233766503,0.0,0.0,0.0,0.0,0.0,0.10582050280482287,0.0,0.0,0.0,0.017608163471209113,0.0,0.024450518350767527,0.0,Продукты питания,Кафе и рестораны,Такси
59,Динара,Премиальный клиент,Алматы,55.0,3,4427461.0,5945447.779999999,9136868.76,0.0,0.0,3799069.36,0.4157955487586537,0.0,0.0,515038.54000000004,243958.57,549293.24,948784.95,233195.38,0.0,262433.06,165286.01,948784.95,110377.53,0.0,0.0,0.0,0.0,0.0,1006297.3900000001,0.0,0.0,0.0,121574.17000000001,0.0,243958.57,0.0,668147.34,274336.32999999996,3130922.02,155684.02000000002,0.0,0.0,0.0,0.0,0.0,3608033.35,3374212.7199999997,0.0,0.0,0.0,515038.54000000004,1473059.37,112462.86,2028751.85,0.0,409815.48,0.025522461373298746,0.0,0.028722428535790854,0.018090005924524193,0.1038413678604704,0.012080454792479694,0.0,0.0,0.0,0.0,0.0,0.1101359137832248,0.0,0.0,0.0,0.01330588992721835,0.0,0.026700456842284774,0.0,Продукты питания,Кафе и рестораны,Едим дома
60,Ермек,Зарплатный клиент,Кызылорда,42.0,3,48779.0,4899196.390000001,9282922.77,0.0,0.0,4266442.970000001,0.45960125659862633,0.0,0.0,482833.95000000007,256745.94,474633.95,549140.4099999999,156160.9,0.0,153060.62,157907.13,549140.4099999999,149580.25,0.0,0.0,0.0,0.0,0.0,713520.23,0.0,0.0,0.0,163666.2,0.0,256745.94,0.0,976973.1000000001,255214.55,3289469.87,130082.07,0.0,0.0,0.0,0.0,0.0,3700691.4899999998,3445419.0999999996,0.0,0.0,0.0,482833.95000000007,1398623.22,74897.19,993583.48,0.0,411304.24,0.016822384917891543,0.0,0.016488408208528055,0.017010497007506613,0.059155981753363215,0.016113486420829073,0.0,0.0,0.0,0.0,0.0,0.07686374730014048,0.0,0.0,0.0,0.017630891051784548,0.0,0.02765787741224524,0.0,Продукты питания,Кафе и рестораны,Такси
