client_code,name,status,city,age,month,avg_monthly_balance_KZT,product,currency,trf_atm_withdrawal,trf_card_in,trf_card_out,trf_cashback_in,trf_cc_repayment_out,trf_deposit_topup_out,trf_family_in,trf_fx_buy,trf_fx_sell,trf_gold_buy_out,trf_gold_sell_in,trf_installment_payment_out,trf_invest_in,trf_invest_out,trf_loan_payment_out,trf_p2p_out,trf_refund_in,trf_salary_in,trf_stipend_in,trf_utilities_out,trs_АЗС,trs_Авто,trs_Едим дома,trs_Играем дома,trs_Кафе и рестораны,trs_Кино,trs_Косметика и Парфюмерия,trs_Мебель,trs_Одежда и обувь,trs_Отели,trs_Подарки,trs_Продукты питания,trs_Путешествия,trs_Развлечения,trs_Ремонт дома,trs_Смотрим дома,trs_Спорт,trs_Такси,trs_Ювелирные украшения,income_total,spending_total,net_total
1,Айгерим,Зарплатный клиент,Алматы,29,2025-06,92643,Карта для путешествий,KZT,257730.53999999998,54537.34,1313972.43,45440.16,0.0,0.0,0.0,0.0,0.0,0.0,0.0,0.0,0.0,0.0,175301.74,498767.88,38328.65,488634.28,0.0,157837.21000000002,32469.43,0.0,50173.52,64227.45,142944.94,67037.2,0.0,0.0,0.0,0.0,0.0,248409.89,39623.64,0.0,0.0,42855.13,0.0,82873.29,0.0,626940.43,2145879.26,-1518938.8299999996
1,Айгерим,Зарплатный клиент,Алматы,29,2025-07,92643,Карта для путешествий,KZT,150235.27000000002,59064.840000000004,1258473.03,46884.0,0.0,0.0,0.0,0.0,0.0,0.0,0.0,0.0,0.0,0.0,173934.7,393223.37,38374.83,474202.74,0.0,132250.21000000002,50680.68,0.0,45020.270000000004,35831.9,250721.25,56285.24,0.0,0.0,0.0,134087.07,0.0,163779.33000000002,235810.08,8854.05,0.0,43470.6,0.0,94315.68000000001,0.0,618526.4099999999,1957881.31,-1339354.9000000001
1,Айгерим,Зарплатный клиент,Алматы,29,2025-08,92643,Карта для путешествий,KZT,209980.9,62321.89,1257506.3,45949.18,0.0,0.0,0.0,0.0,0.0,0.0,0.0,0.0,0.0,0.0,158773.82,382138.01,37768.02,483584.71,0.0,202064.99,70083.23,0.0,79445.23,53243.06,125091.4,52063.020000000004,0.0,0.0,0.0,0.0,0.0,233077.84,0.0,0.0,0.0,69108.71,0.0,55331.14,0.0,629623.8,2000483.12,-1370859.32
2,Данияр,Премиальный клиент,Астана,41,2025-06,1577073,Карта для путешествий,KZT,324630.92,36272.19,1181789.15,51516.0,0.0,0.0,0.0,0.0,0.0,0.0,0.0,0.0,0.0,0.0,182495.01,407224.62,14984.580000000002,444038.37,0.0,120515.73,38170.26,0.0,98339.68000000001,33029.270000000004,134763.6,57006.56,0.0,0.0,0.0,0.0,0.0,342561.15,0.0,0.0,0.0,47737.26,0.0,65342.74,0.0,546811.14,1892024.5099999998,-1345213.3699999996
2,Данияр,Премиальный клиент,Астана,41,2025-07,1577073,Карта для путешествий,KZT,247593.66,86688.9,1040723.48,19285.47,0.0,0.0,0.0,0.0,0.0,0.0,0.0,0.0,0.0,0.0,181069.34999999998,454437.0,15915.18,472479.66,0.0,137713.04,71142.03,0.0,55881.28,75358.51,190609.15,39439.99,0.0,0.0,0.0,0.0,0.0,252958.23,0.0,0.0,0.0,57450.11,0.0,62866.44,0.0,594369.21,1813942.87,-1219573.6600000001
2,Данияр,Премиальный клиент,Астана,41,2025-08,1577073,Карта для путешествий,KZT,203564.63,82444.09,1429488.01,36735.72,0.0,0.0,0.0,0.0,0.0,0.0,0.0,0.0,0.0,0.0,142069.05,444044.82,24349.190000000002,361563.98,0.0,138692.0,69124.41,0.0,34694.09,27273.63,188997.32,53002.91,0.0,0.0,0.0,161099.23,0.0,264107.46,61875.4,10583.06,0.0,43148.340000000004,0.0,86710.20999999999,0.0,505092.98,2154293.88,-1649200.9
3,Сабина,Студент,Алматы,22,2025-06,63116,Карта для путешествий,KZT,276186.2,77321.45999999999,401459.94,43376.59,0.0,0.0,59616.76,0.0,0.0,0.0,0.0,0.0,0.0,0.0,169028.34,173706.91,21856.71,0.0,48418.24,125685.18,0.0,0.0,36367.29,59428.89,101682.29,48499.86,0.0,0.0,0.0,0.0,0.0,132421.53,0.0,0.0,0.0,86716.03,0.0,84047.44,0.0,250589.75999999998,869880.3700000001,-619290.6100000001
3,Сабина,Студент,Алматы,22,2025-07,63116,Карта для путешествий,KZT,282195.62,68934.79,462682.1,107515.14000000001,0.0,0.0,28225.67,0.0,0.0,0.0,0.0,0.0,0.0,0.0,181689.78999999998,150511.0,17842.84,0.0,42969.63,133330.3,50521.05,0.0,56218.75,69950.91,119885.03,34576.770000000004,0.0,0.0,0.0,0.0,0.0,150593.31,0.0,0.0,0.0,52443.92,0.0,77757.94,0.0,265488.06999999995,928213.19,-662725.12
3,Сабина,Студент,Алматы,22,2025-08,63116,Карта для путешествий,EUR,0.0,0.0,0.0,0.0,0.0,0.0,0.0,0.0,0.0,0.0,0.0,0.0,0.0,0.0,0.0,0.0,0.0,0.0,0.0,0.0,0.0,0.0,0.0,0.0,149.75,10.469999999999999,0.0,0.0,0.0,154.04,0.0,0.0,781.1500000000001,38.46,0.0,0.0,0.0,45.6,0.0,0.0,0.0,0.0
3,Сабина,Студент,Алматы,22,2025-08,63116,Карта для путешествий,KZT,201243.05,64532.509999999995,451211.91000000003,36355.88,0.0,0.0,19994.589999999997,0.0,0.0,0.0,0.0,0.0,0.0,0.0,209106.05,172159.42,21104.65,0.0,32819.71,136625.19999999998,56295.53,0.0,34219.51,31899.02,90263.15,31057.27,0.0,0.0,0.0,0.0,0.0,169975.73,0.0,0.0,0.0,24116.6,0.0,37148.01,0.0,174807.33999999997,969102.58,-794295.24
4,Тимур,Зарплатный клиент,Караганда,36,2025-06,83351,Карта для путешествий,KZT,230628.28,91658.01,1062760.55,39977.91,0.0,0.0,0.0,0.0,0.0,0.0,0.0,0.0,0.0,0.0,167727.97,332589.37,25603.410000000003,418853.87,0.0,155394.11000000002,68488.37,0.0,81367.11,39782.82,148687.6,49542.81,0.0,0.0,0.0,0.0,0.0,196947.44999999998,0.0,0.0,0.0,52410.18,0.0,81170.18,0.0,576093.2,1718472.0000000002,-1142378.8000000003
4,Тимур,Зарплатный клиент,Караганда,36,2025-07,83351,Карта для путешествий,KZT,179267.75,84863.79000000001,1083166.3,22663.79,0.0,0.0,0.0,0.0,0.0,0.0,0.0,0.0,0.0,0.0,197646.48,398214.58,23073.4,495689.01,0.0,156349.56,40428.51,0.0,45276.7,41489.630000000005,206909.02,39692.64,0.0,0.0,0.0,0.0,0.0,246307.61000000002,0.0,0.0,0.0,49162.31,0.0,73210.26,0.0,626289.99,1835376.9200000002,-1209086.9300000002
4,Тимур,Зарплатный клиент,Караганда,36,2025-08,83351,Карта для путешествий,KZT,224859.82,68793.67000000001,1167059.8599999999,44469.93,0.0,0.0,0.0,0.0,0.0,0.0,0.0,0.0,0.0,0.0,166142.21000000002,439913.95,12801.73,458232.64,0.0,142216.55,46002.219999999994,0.0,42822.23,18062.519999999997,167298.72,48680.49,0.0,0.0,0.0,140907.3,0.0,202751.91,225775.09,13452.84,0.0,81304.24,0.0,93062.66,0.0,584297.97,1915332.5699999998,-1331034.5999999999
5,Камилла,Премиальный клиент,Алматы,45,2025-06,1336536,Карта для путешествий,KZT,199347.47,110576.34,1110193.07,50716.64,0.0,0.0,0.0,0.0,0.0,0.0,0.0,0.0,0.0,0.0,160849.82,399794.3,33883.84,353461.75,0.0,185047.03,95105.68,0.0,57765.24,72162.69,118662.43,48904.3,0.0,0.0,0.0,0.0,0.0,207013.33,0.0,0.0,0.0,72410.02,0.0,62629.99,0.0,548638.57,1855884.2200000002,-1307245.6500000004
5,Камилла,Премиальный клиент,Алматы,45,2025-07,1336536,Карта для путешествий,KZT,190063.29,109182.96,1151471.43,44961.97,0.0,0.0,0.0,0.0,0.0,0.0,0.0,0.0,0.0,0.0,203020.06,433255.83,26848.73,418764.32,0.0,125412.82,90078.38,0.0,69946.7,75465.9,170623.35,48847.71,0.0,0.0,0.0,0.0,0.0,225229.58,0.0,0.0,0.0,49856.54,0.0,83158.2,0.0,599757.98,1913160.1400000001,-1313402.1600000001
5,Камилла,Премиальный клиент,Алматы,45,2025-08,1336536,Карта для путешествий,KZT,201082.35,63123.94,1083181.46,30911.57,0.0,0.0,0.0,0.0,0.0,0.0,0.0,0.0,0.0,0.0,184174.27000000002,428754.64,14196.4,489892.94,0.0,144478.2,47559.68,0.0,24130.510000000002,84414.14,134675.21,33176.09,0.0,0.0,0.0,177996.45,0.0,277355.54,177605.87,25547.25,0.0,33790.55,0.0,139559.66999999998,0.0,598124.85,1840588.57,-1242463.7200000002
6,Аян,Стандартный клиент,Шымкент,34,2025-06,131929,Карта для путешествий,KZT,187662.22,88935.86,1155813.4,35744.08,0.0,0.0,0.0,0.0,0.0,0.0,0.0,0.0,0.0,0.0,156325.53,429354.25,17745.73,529847.03,0.0,131975.15,32759.52,0.0,44921.88,52574.19,167043.34,54517.54,0.0,0.0,0.0,0.0,0.0,275901.66,0.0,0.0,0.0,53691.5,0.0,85837.61,0.0,672272.7000000001,1873468.3299999998,-1201195.63
6,Аян,Стандартный клиент,Шымкент,34,2025-07,131929,Карта для путешествий,KZT,259574.33000000002,97715.15999999999,1347614.08,39244.4,0.0,0.0,0.0,0.0,0.0,0.0,0.0,0.0,0.0,0.0,149412.14,430256.85,24367.58,425712.83,0.0,108220.76000000001,46787.69,0.0,67135.37,57365.34,167438.83000000002,67657.01,0.0,0.0,0.0,0.0,0.0,287637.57,0.0,0.0,0.0,61723.99,0.0,74417.16,0.0,587039.97,2035503.8300000003,-1448463.8600000003
6,Аян,Стандартный клиент,Шымкент,34,2025-08,131929,Карта для путешествий,KZT,182628.96000000002,93486.17,1116320.63,34532.27,0.0,0.0,0.0,0.0,0.0,0.0,0.0,0.0,0.0,0.0,175716.13,471940.65,18330.26,422739.97,0.0,129994.17,14689.39,0.0,31683.52,39046.62,227918.91,35705.72,0.0,0.0,0.0,189746.91999999998,0.0,255093.09,124090.09999999999,24121.26,0.0,17327.86,0.0,113423.28,0.0,569088.6699999999,1893971.5799999996,-1324882.9099999997
7,Руслан,Премиальный клиент,Алматы,48,2025-06,4040997,Премиальная карта,KZT,324935.42,67430.74,1287121.27,66195.06999999999,0.0,0.0,0.0,0.0,0.0,0.0,0.0,0.0,0.0,0.0,334410.19,478084.24,38714.41,369666.52,0.0,209379.61,81896.58,0.0,57735.98,51614.61,162726.61000000002,30527.62,256295.72,0.0,0.0,0.0,0.0,383565.56,0.0,0.0,0.0,41902.8,0.0,58968.45,0.0,542006.74,2308995.31,-1766988.57
7,Руслан,Премиальный клиент,Алматы,48,2025-07,4040997,Премиальная карта,KZT,406503.79000000004,79948.35,1459473.82,73752.96,0.0,0.0,0.0,0.0,0.0,0.0,0.0,0.0,0.0,0.0,330304.53,583215.64,75048.76000000001,406383.65,0.0,189448.47999999998,19843.95,0.0,81427.34,77588.45,159696.53,45294.95,47616.380000000005,0.0,0.0,0.0,0.0,176830.53,0.0,0.0,0.0,44854.87,0.0,94068.01,0.0,635133.72,2562442.47,-1927308.7500000002
7,Руслан,Премиальный клиент,Алматы,48,2025-08,4040997,Премиальная карта,KZT,462288.96,139562.47,1364245.18,42911.55,0.0,0.0,0.0,0.0,0.0,0.0,0.0,0.0,0.0,0.0,322772.42000000004,511406.82,18260.54,420980.6,0.0,158863.03,93805.36,0.0,31110.04,70960.48,127267.43,74463.32,118769.86,0.0,0.0,0.0,0.0,206700.28,0.0,0.0,0.0,24222.43,0.0,82067.75,0.0,621715.16,2357287.4499999997,-1735572.2899999996
8,Мадина,Зарплатный клиент,Астана,33,2025-06,1058403,Премиальная карта,KZT,376537.52,94751.91,1234284.19,130846.86,0.0,0.0,0.0,0.0,0.0,0.0,0.0,0.0,0.0,0.0,280443.79000000004,640862.39,43266.92999999999,493130.09,0.0,206313.52000000002,19710.62,0.0,52937.0,71946.59,186869.22999999998,29998.54,198187.08,0.0,0.0,0.0,0.0,327859.45,0.0,0.0,0.0,48633.71,0.0,82855.37,0.0,761995.79,2361903.89,-1599908.1
8,Мадина,Зарплатный клиент,Астана,33,2025-07,1058403,Премиальная карта,KZT,433091.63,109086.04000000001,1508416.21,75479.45999999999,0.0,0.0,0.0,0.0,0.0,0.0,0.0,0.0,0.0,0.0,306155.67000000004,554981.04,36598.17,310912.65,0.0,193811.23,105361.52,0.0,60479.380000000005,43891.76,134742.67,32405.54,323514.51,0.0,0.0,0.0,0.0,244798.73,0.0,0.0,0.0,53633.81,0.0,101864.61,0.0,532076.3200000001,2563364.15,-2031287.8299999998
8,Мадина,Зарплатный клиент,Астана,33,2025-08,1058403,Премиальная карта,KZT,353254.15,115209.38,1306295.0,60494.53,0.0,0.0,0.0,0.0,0.0,0.0,0.0,0.0,0.0,0.0,355579.32,534690.39,29263.8,545912.3,0.0,209583.13,106359.14,0.0,35069.39,70081.31,197601.8,39912.42,231952.17,0.0,0.0,0.0,0.0,281652.33,0.0,0.0,0.0,81997.79,0.0,50809.37,0.0,750880.01,2406147.84,-1655267.8299999998
9,Арман,Премиальный клиент,Алматы,55,2025-06,3084180,Премиальная карта,KZT,342848.75,128662.0,1436426.1,66214.14,0.0,0.0,0.0,0.0,0.0,0.0,0.0,0.0,0.0,0.0,310927.66000000003,679964.04,35913.68,363250.61,0.0,205300.09,73790.41,0.0,60219.07,39446.1,130623.99,53985.76,192915.94,0.0,0.0,0.0,0.0,283002.4,0.0,0.0,0.0,68484.95,0.0,56966.66,0.0,594040.4299999999,2632617.89,-2038577.4600000002
9,Арман,Премиальный клиент,Алматы,55,2025-07,3084180,Премиальная карта,KZT,397835.87,70455.65,1470542.48,59687.869999999995,0.0,0.0,0.0,0.0,0.0,0.0,0.0,0.0,0.0,0.0,293170.9,614389.76,21000.51,412942.53,0.0,181878.08000000002,42924.29,0.0,42142.29,35982.27,115961.02,38761.55,247421.25,0.0,0.0,0.0,0.0,374305.32,0.0,0.0,0.0,58926.32,0.0,98646.24,0.0,564086.56,2559981.2199999997,-1995894.6599999997
9,Арман,Премиальный клиент,Алматы,55,2025-08,3084180,Премиальная карта,KZT,374979.51,97314.13,1231212.19,62479.31,0.0,0.0,0.0,0.0,0.0,0.0,0.0,0.0,0.0,0.0,330805.21,530794.15,36073.630000000005,429307.05,0.0,164625.4,45781.43,0.0,55203.619999999995,29654.72,171781.49,38196.21,100601.4,0.0,0.0,0.0,0.0,228614.85,0.0,0.0,0.0,71882.41,0.0,67666.94,0.0,625174.12,2257436.9499999997,-1632262.8299999996
10,Карина,Зарплатный клиент,Усть-Каменогорск,38,2025-06,1277325,Премиальная карта,KZT,405212.57,106719.95,1301422.71,60956.18,0.0,0.0,0.0,0.0,0.0,0.0,0.0,0.0,0.0,0.0,235135.15,461159.16000000003,89413.82,445616.21,0.0,179193.68,42193.35,0.0,44016.1,37955.95,201013.91,44629.25,176274.57,0.0,0.0,0.0,0.0,374146.38,0.0,0.0,0.0,24548.76,0.0,69255.55,0.0,702706.16,2176910.7,-1474204.54
10,Карина,Зарплатный клиент,Усть-Каменогорск,38,2025-07,1277325,Премиальная карта,KZT,419340.18,75655.81,1343598.92,59819.9,0.0,0.0,0.0,0.0,0.0,0.0,0.0,0.0,0.0,0.0,284041.33,597653.4,82858.5,367818.74,0.0,205714.69999999998,101803.73999999999,0.0,43133.14,46192.08,147020.43,44434.52,255055.94,0.0,0.0,0.0,0.0,232844.38999999998,0.0,0.0,0.0,61762.95,0.0,50816.69,0.0,586152.95,2431008.35,-1844855.4000000001
10,Карина,Зарплатный клиент,Усть-Каменогорск,38,2025-08,1277325,Премиальная карта,KZT,427158.5,110055.93,1515031.63,63763.15,0.0,0.0,0.0,0.0,0.0,0.0,0.0,0.0,0.0,0.0,270267.96,716020.53,35755.479999999996,479876.4,0.0,177877.59,87421.57,0.0,58860.380000000005,31629.34,138254.25,37426.31,98263.29999999999,0.0,0.0,0.0,0.0,326195.02,0.0,0.0,0.0,65523.06,0.0,78863.81,0.0,689450.96,2679197.71,-1989746.75
11,Бауржан,Премиальный клиент,Павлодар,50,2025-06,3230572,Премиальная карта,KZT,252744.35,109019.95999999999,1388564.34,82131.8,0.0,0.0,0.0,0.0,0.0,0.0,0.0,0.0,0.0,0.0,323257.48,482296.07,49849.83,401159.96,0.0,156644.43,55988.049999999996,0.0,69058.95,36561.58,175733.72,39021.270000000004,298630.26,0.0,0.0,0.0,0.0,212708.93,0.0,0.0,0.0,52232.46,0.0,90349.08,0.0,642161.55,2350762.3200000003,-1708600.7700000003
11,Бауржан,Премиальный клиент,Павлодар,50,2025-07,3230572,Премиальная карта,KZT,367751.95,79385.25,1288894.64,127573.35,0.0,0.0,0.0,0.0,0.0,0.0,0.0,0.0,0.0,0.0,292409.11,552318.75,19194.06,521613.59,0.0,157311.56,35047.47,0.0,27228.02,89066.38,86930.24,58276.03,120597.13,0.0,0.0,0.0,0.0,338524.11,0.0,0.0,0.0,46043.07,0.0,75407.27,0.0,747766.25,2290934.06,-1543167.81
11,Бауржан,Премиальный клиент,Павлодар,50,2025-08,3230572,Премиальная карта,KZT,360932.67,126845.23000000001,1491460.86,53414.86,0.0,0.0,0.0,0.0,0.0,0.0,0.0,0.0,0.0,0.0,237530.62,464660.21,56543.13,391517.01,0.0,187019.49,91634.72,0.0,37280.81,50944.94,156000.03,40148.33,229780.45,0.0,0.0,0.0,0.0,355093.20999999996,0.0,0.0,0.0,48149.19,0.0,63691.99,0.0,628320.23,2380671.1799999997,-1752350.9499999997
12,Жанар,Зарплатный клиент,Костанай,42,2025-06,849046,Премиальная карта,KZT,429012.07,103122.43000000001,1148907.91,112823.06,0.0,0.0,0.0,0.0,0.0,0.0,0.0,0.0,0.0,0.0,307046.24,564348.49,9720.029999999999,510161.69,0.0,176144.06,89863.63,0.0,57302.61,30263.379999999997,163921.55,60292.229999999996,146161.06,0.0,0.0,0.0,0.0,182739.69,0.0,0.0,0.0,15797.3,0.0,105017.31,0.0,735827.21,2196446.6999999997,-1460619.4899999998
12,Жанар,Зарплатный клиент,Костанай,42,2025-07,849046,Премиальная карта,KZT,465886.79000000004,169722.74,1285551.55,125099.3,0.0,0.0,0.0,0.0,0.0,0.0,0.0,0.0,0.0,0.0,378744.46,623210.73,53005.1,385689.67,0.0,159021.32,78576.95,0.0,63019.87,49663.99,132537.69,58547.61,159053.36000000002,0.0,0.0,0.0,0.0,262149.19,0.0,0.0,0.0,42808.28,0.0,71236.91,0.0,733516.8099999999,2446528.06,-1713011.25
12,Жанар,Зарплатный клиент,Костанай,42,2025-08,849046,Премиальная карта,KZT,423340.88,91641.59,1208593.55,44938.29,0.0,0.0,0.0,0.0,0.0,0.0,0.0,0.0,0.0,0.0,309957.57,596250.63,41860.62,453778.73,0.0,169535.22,81930.69,0.0,58542.020000000004,38164.8,161029.37,41476.1,100796.55,0.0,0.0,0.0,0.0,225025.43,0.0,0.0,0.0,78316.04,0.0,91720.98,0.0,632219.23,2284336.97,-1652117.7400000002
13,Алина,Студент,Алматы,20,2025-06,54074,Кредитная карта,KZT,266886.73,48719.31,379983.26,62550.93,710715.37,0.0,48513.91,0.0,0.0,0.0,0.0,238666.16999999998,0.0,0.0,198415.82,207477.94,25177.97,0.0,39712.24,161273.24,87193.72,0.0,76416.19,71319.5,91666.99,44775.54,0.0,0.0,0.0,0.0,0.0,123000.36,0.0,0.0,0.0,60610.46,0.0,34433.57,0.0,224674.36,1896531.7999999998,-1671857.44
13,Алина,Студент,Алматы,20,2025-07,54074,Кредитная карта,KZT,173443.34999999998,48616.939999999995,394871.37,45263.229999999996,516715.54,0.0,46779.92,0.0,0.0,0.0,0.0,295414.31,0.0,0.0,179400.66999999998,160125.37,26918.65,0.0,34017.55,137759.45,10570.72,0.0,79087.14,44060.02,75670.12,39210.85,0.0,0.0,0.0,67383.33,0.0,150732.19,60657.67,3341.87,0.0,29041.27,0.0,49001.73,0.0,201596.28999999998,1684286.7099999997,-1482690.4199999997
13,Алина,Студент,Алматы,20,2025-08,54074,Кредитная карта,KZT,241379.35,41031.2,295797.41000000003,41778.58,874658.53,0.0,46595.23,0.0,0.0,0.0,0.0,246829.68,0.0,0.0,216687.21,145682.63,53499.92,0.0,42864.47,140836.86,0.0,0.0,77720.29,69478.59999999999,127085.01,18497.02,0.0,0.0,0.0,0.0,0.0,189711.01,0.0,0.0,0.0,58637.83,0.0,30881.14,0.0,225769.4,1920492.3199999998,-1694722.92
14,Диас,Зарплатный клиент,Астана,27,2025-06,57385,Кредитная карта,KZT,269206.06,51784.87,863189.04,31389.28,432899.69,0.0,0.0,0.0,0.0,0.0,0.0,369137.04,0.0,0.0,181798.90999999997,346723.26,44414.87,552097.32,0.0,131027.63,99658.23000000001,0.0,76676.08,81636.92,125821.32,19377.55,0.0,0.0,0.0,0.0,0.0,229750.82,0.0,0.0,0.0,54394.7,0.0,57565.89,0.0,679686.34,2324775.57,-1645089.23
14,Диас,Зарплатный клиент,Астана,27,2025-07,57385,Кредитная карта,KZT,182928.6,61835.07,873922.56,49099.59,502864.69,0.0,0.0,0.0,0.0,0.0,0.0,265174.44,0.0,0.0,159289.69,457761.56,14929.560000000001,333227.27,0.0,157748.71000000002,15029.76,0.0,75243.33,62522.67,126141.8,11176.4,0.0,0.0,0.0,0.0,0.0,203211.62,0.0,0.0,0.0,88561.73,0.0,80743.93,0.0,459091.49,2416761.65,-1957670.16
14,Диас,Зарплатный клиент,Астана,27,2025-08,57385,Кредитная карта,KZT,182334.63,100668.88,926458.46,38050.5,779750.02,0.0,0.0,0.0,0.0,0.0,0.0,354666.07,0.0,0.0,194511.12,434238.67,22047.42,395053.05,0.0,118330.11,61256.259999999995,0.0,119150.85,64411.84,96302.99,17162.27,0.0,0.0,0.0,0.0,0.0,240218.41,0.0,0.0,0.0,71905.13,0.0,29806.9,0.0,555819.85,2807954.4499999997,-2252134.5999999996
15,Нурия,Стандартный клиент,Шымкент,31,2025-06,160778,Кредитная карта,KZT,227784.36,58902.28,760549.45,43444.3,530182.71,0.0,0.0,0.0,0.0,0.0,0.0,314771.16,0.0,0.0,208124.79,530977.69,26874.989999999998,384319.86,0.0,154792.57,74920.08,0.0,83840.86,70894.12,130357.38,35548.79,0.0,0.0,0.0,0.0,0.0,255977.86,0.0,0.0,0.0,40768.86,0.0,65426.52,0.0,513541.43,2499398.3699999996,-1985856.9399999997
15,Нурия,Стандартный клиент,Шымкент,31,2025-07,160778,Кредитная карта,KZT,169547.2,62679.54,1049959.38,73515.76,587340.55,0.0,0.0,0.0,0.0,0.0,0.0,295612.17,0.0,0.0,187776.56,327919.76,42480.73,437125.64,0.0,155292.42,45256.1,0.0,72937.42,61869.45,173662.74,22590.23,0.0,0.0,0.0,0.0,0.0,283978.11,0.0,0.0,0.0,47311.17,0.0,53444.18,0.0,615801.67,2603900.84,-1988099.17
15,Нурия,Стандартный клиент,Шымкент,31,2025-08,160778,Кредитная карта,KZT,380518.55000000005,63429.479999999996,951030.73,36934.42,637392.35,0.0,0.0,0.0,0.0,0.0,0.0,330373.48,0.0,0.0,178626.59999999998,411041.43,15633.5,448493.3,0.0,131258.88,13641.03,0.0,72389.41,75781.63,105116.53,44177.79,0.0,0.0,0.0,0.0,0.0,223786.62,0.0,0.0,0.0,55586.2,0.0,75774.35,0.0,564490.7,2639723.47,-2075232.7700000003
16,Ерасыл,Студент,Караганда,23,2025-06,46630,Кредитная карта,KZT,222274.61,48588.7,330705.94,17848.74,499181.47,0.0,52928.6,0.0,0.0,0.0,0.0,224480.92,0.0,0.0,200116.35,184403.32,27510.480000000003,0.0,37487.93,151651.76,12589.62,0.0,103760.76000000001,58790.96,108364.43,37499.2,0.0,0.0,0.0,0.0,0.0,150557.66,0.0,0.0,0.0,36262.92,0.0,36963.47,0.0,184364.45,1590539.76,-1406175.31
16,Ерасыл,Студент,Караганда,23,2025-07,46630,Кредитная карта,KZT,263960.81,73271.16,377489.44,32049.460000000003,592119.6,0.0,47089.18,0.0,0.0,0.0,0.0,293575.95999999996,0.0,0.0,183961.5,207805.53,24836.670000000002,0.0,37062.24,99969.61,14022.66,0.0,80240.87,47452.92,121944.75,18035.64,0.0,0.0,0.0,46071.1,0.0,84437.98,105053.24,2311.38,0.0,54153.85,0.0,50973.14,0.0,214308.71000000002,1754921.6400000001,-1540612.9300000002
16,Ерасыл,Студент,Караганда,23,2025-08,46630,Кредитная карта,KZT,253506.94,67086.55,325722.73,60117.240000000005,524412.16,0.0,53536.13,0.0,0.0,0.0,0.0,307108.93,0.0,0.0,196888.56,170713.11000000002,43500.76,0.0,25516.2,185549.64,35921.25,0.0,80131.42,36392.979999999996,69811.88,33093.15,0.0,0.0,0.0,0.0,0.0,136026.17,0.0,0.0,0.0,77628.05,0.0,58222.1,0.0,249756.88000000003,1710395.1300000004,-1460638.2500000002
17,Жанель,Зарплатный клиент,Тараз,30,2025-06,89126,Кредитная карта,KZT,206661.04,48973.57,895973.64,37481.16,654801.0599999999,0.0,0.0,0.0,0.0,0.0,0.0,281025.25,0.0,0.0,245071.22,435749.96,16589.66,471174.17,0.0,149329.36,76801.06,0.0,91651.34,60708.15,159435.26,45360.29,0.0,0.0,0.0,0.0,0.0,196470.15,0.0,0.0,0.0,76606.53,0.0,40938.89,0.0,574218.56,2661950.4899999998,-2087731.9299999997
17,Жанель,Зарплатный клиент,Тараз,30,2025-07,89126,Кредитная карта,KZT,295030.63,97661.38,786217.4500000001,15710.119999999999,602552.21,0.0,0.0,0.0,0.0,0.0,0.0,273110.0,0.0,0.0,215232.6,336035.14,32240.77,503050.56,0.0,134038.06,30333.36,0.0,75406.39,49270.69,147045.17,50910.84,0.0,0.0,0.0,0.0,0.0,160557.99,0.0,0.0,0.0,37465.68,0.0,63018.380000000005,0.0,648662.83,2347185.4600000004,-1698522.6300000004
17,Жанель,Зарплатный клиент,Тараз,30,2025-08,89126,Кредитная карта,KZT,298637.17,48932.32,873248.69,25539.04,606860.61,0.0,0.0,0.0,0.0,0.0,0.0,253782.12,0.0,0.0,142944.2,409067.14,24858.760000000002,418924.17,0.0,136657.26,56306.71000000001,0.0,62099.26,83542.92,128862.87,20079.379999999997,0.0,0.0,0.0,0.0,0.0,264848.89,0.0,0.0,0.0,54345.29,0.0,79442.81,0.0,518254.29,2422560.0199999996,-1904305.7299999995
18,Санжар,Стандартный клиент,Кызылорда,35,2025-06,98089,Кредитная карта,KZT,202309.25,78438.47,726081.02,39229.93,675538.69,0.0,0.0,0.0,0.0,0.0,0.0,195218.7,0.0,0.0,173773.86,467203.63999999996,17911.52,310882.78,0.0,130170.92,98485.0,0.0,114586.2,47929.8,95486.54000000001,55585.56,0.0,0.0,0.0,0.0,0.0,303714.63,0.0,0.0,0.0,35257.74,0.0,69022.49,0.0,446462.7,2367986.83,-1921524.1300000001
18,Санжар,Стандартный клиент,Кызылорда,35,2025-07,98089,Кредитная карта,KZT,224111.94,61512.01,924177.84,54465.990000000005,433467.61,0.0,0.0,0.0,0.0,0.0,0.0,266346.81,0.0,0.0,231039.43,416619.88,26023.83,473596.12,0.0,153149.63,66688.44,0.0,79930.4,37817.119999999995,131688.38,31990.32,0.0,0.0,0.0,0.0,0.0,273304.04,0.0,0.0,0.0,46438.840000000004,0.0,47081.34,0.0,615597.95,2424801.1999999997,-1809203.2499999998
18,Санжар,Стандартный клиент,Кызылорда,35,2025-08,98089,Кредитная карта,KZT,267729.02,55070.229999999996,898488.87,20480.32,531063.76,0.0,0.0,0.0,0.0,0.0,0.0,333656.93,0.0,0.0,229982.72999999998,393283.56,34052.53,442441.01,0.0,153836.36,37419.95,0.0,109522.14,48112.82,132935.81,22151.690000000002,0.0,0.0,0.0,0.0,0.0,363747.07,0.0,0.0,0.0,38160.88,0.0,58517.8,0.0,552044.09,2540312.2099999995,-1988268.1199999996
19,Азамат,Зарплатный клиент,Алматы,32,2025-06,80150,Обмен валют,KZT,357771.62,68014.55,682334.83,61392.28,0.0,0.0,0.0,2912846.96,468326.8,0.0,0.0,0.0,0.0,0.0,184448.07,409180.16000000003,28123.15,419099.54,0.0,190924.89,75969.1,0.0,57457.24,82274.86,136472.08,51444.770000000004,0.0,0.0,0.0,0.0,0.0,243119.88999999998,0.0,0.0,0.0,51586.66,0.0,65234.51,0.0,576629.52,1466887.9500000002,-890258.4300000002
19,Азамат,Зарплатный клиент,Алматы,32,2025-07,80150,Обмен валют,KZT,177278.63999999998,77439.82,1078538.49,41317.46,0.0,0.0,0.0,3150263.36,575198.86,0.0,0.0,0.0,0.0,0.0,169972.63,484970.43,32263.1,369838.83,0.0,156606.52000000002,25539.15,0.0,52234.270000000004,47028.45,188130.14,68823.77,0.0,0.0,0.0,0.0,0.0,187280.12,0.0,0.0,0.0,47255.21,0.0,87695.45,0.0,520859.21,1890088.07,-1369228.86
19,Азамат,Зарплатный клиент,Алматы,32,2025-08,80150,Обмен валют,KZT,227714.63,123430.11,908565.61,36409.45,0.0,0.0,0.0,2441788.7199999997,508620.17,0.0,0.0,0.0,0.0,0.0,184792.8,445221.0,8683.48,492425.3,0.0,139449.12,83814.81999999999,0.0,27582.73,47103.68,156477.75,39494.05,0.0,0.0,0.0,0.0,0.0,292607.4,0.0,0.0,0.0,92112.86,0.0,71669.33,0.0,660948.34,1678028.5299999998,-1017080.1899999998
20,Анель,Стандартный клиент,Астана,28,2025-06,141515,Обмен валют,KZT,224514.26,69906.20999999999,723613.61,26355.64,0.0,0.0,0.0,2295123.82,491090.78,0.0,0.0,0.0,0.0,0.0,192014.25,370494.95,8462.8,501314.8,0.0,118292.03,33551.22,0.0,53124.99,54692.01,182414.56,35387.49,0.0,0.0,0.0,0.0,0.0,190065.76,0.0,0.0,0.0,73112.14,0.0,82802.95,0.0,606039.45,1404414.84,-798375.3900000001
20,Анель,Стандартный клиент,Астана,28,2025-07,141515,Обмен валют,KZT,214681.77000000002,60878.119999999995,845614.21,69277.45,0.0,0.0,0.0,3011886.3000000003,431414.85,0.0,0.0,0.0,0.0,0.0,186523.13,313896.03,24597.6,509012.3,0.0,114765.97,62916.05,0.0,49488.74,44080.01,221179.41,67595.0,0.0,0.0,0.0,0.0,0.0,165473.05,0.0,0.0,0.0,48638.52,0.0,98120.08,0.0,663765.47,1460799.34,-797033.8700000001
20,Анель,Стандартный клиент,Астана,28,2025-08,141515,Обмен валют,KZT,239139.1,35405.56,887706.38,38262.58,0.0,0.0,0.0,2310018.21,413564.97,0.0,0.0,0.0,0.0,0.0,228491.29,430237.83,31532.57,360668.41,0.0,143237.87,0.0,0.0,47731.65,64543.84,125517.3,81192.04000000001,0.0,0.0,0.0,0.0,0.0,296537.21,0.0,0.0,0.0,45742.549999999996,0.0,89179.42,0.0,465869.12,1689673.37,-1223804.25
21,Павел,Премиальный клиент,Алматы,44,2025-06,1798169,Обмен валют,KZT,236426.28,91016.73999999999,928661.0,58969.35999999999,0.0,0.0,0.0,3294626.25,473717.75,0.0,0.0,0.0,0.0,0.0,215415.38,409964.49,31434.45,455509.32,0.0,140345.37,61807.86,0.0,16300.970000000001,32112.18,177398.72,69842.48,0.0,0.0,0.0,0.0,0.0,240319.30000000002,0.0,0.0,0.0,86744.91,0.0,74887.9,0.0,636929.87,1694386.2399999998,-1057456.3699999996
21,Павел,Премиальный клиент,Алматы,44,2025-07,1798169,Обмен валют,KZT,231710.57,94858.19,787526.21,30710.79,0.0,0.0,0.0,2391106.38,749423.9299999999,0.0,0.0,0.0,0.0,0.0,124016.71,414616.12,34635.950000000004,432921.23,0.0,132494.6,13921.09,0.0,56397.4,56645.03,153715.13,49883.590000000004,0.0,0.0,0.0,0.0,0.0,264527.81,0.0,0.0,0.0,37459.32,0.0,76958.84,0.0,593126.16,1458653.6400000001,-865527.4800000001
21,Павел,Премиальный клиент,Алматы,44,2025-08,1798169,Обмен валют,KZT,277910.92,87378.66,794637.35,50505.69,0.0,0.0,0.0,2734890.36,440694.04000000004,0.0,0.0,0.0,0.0,0.0,227196.15999999997,425004.16,14362.919999999998,443477.74,0.0,188682.03,17651.29,0.0,78233.34,51818.21,204522.73,55559.45,0.0,0.0,0.0,0.0,0.0,181101.18,0.0,0.0,0.0,62667.48,0.0,96559.23,0.0,595725.01,1635519.7,-1039794.69
22,Аружан,Зарплатный клиент,Шымкент,26,2025-06,77474,Обмен валют,KZT,223412.13999999998,68375.1,710235.12,33404.66,0.0,0.0,0.0,2249522.27,386543.62,0.0,0.0,0.0,0.0,0.0,116274.56,423700.93,35421.9,399646.07,0.0,168603.0,9609.79,0.0,54684.58,63096.14,167509.35,84442.85,0.0,0.0,0.0,0.0,0.0,228182.93000000002,0.0,0.0,0.0,77053.83,0.0,54453.05,0.0,536847.73,1418813.6099999999,-881965.8799999999
22,Аружан,Зарплатный клиент,Шымкент,26,2025-07,77474,Обмен валют,KZT,266056.02,40697.36,835798.97,28385.870000000003,0.0,0.0,0.0,2180486.25,384518.15,0.0,0.0,0.0,0.0,0.0,162566.2,484633.39,30576.18,436836.14,0.0,134466.55,42143.93,0.0,55058.13,53354.119999999995,140437.04,51950.35,0.0,0.0,0.0,0.0,0.0,216075.07,0.0,0.0,0.0,52911.42,0.0,124142.03,0.0,536495.55,1617465.11,-1080969.56
22,Аружан,Зарплатный клиент,Шымкент,26,2025-08,77474,Обмен валют,KZT,163742.19,49567.5,813561.29,46431.45,0.0,0.0,0.0,2920155.11,703848.65,0.0,0.0,0.0,0.0,0.0,146386.76,384254.08,51477.16,431680.43,0.0,171585.51,49591.69,0.0,29007.28,50856.62,173419.12,86269.09,0.0,0.0,0.0,0.0,0.0,297248.91,0.0,0.0,0.0,47575.97,0.0,97186.58,0.0,579156.54,1515787.6400000001,-936631.1000000001
23,Темирлан,Стандартный клиент,Павлодар,39,2025-06,146389,Обмен валют,KZT,260339.52,68928.05,799830.92,55293.53999999999,0.0,0.0,0.0,3065942.64,720761.53,0.0,0.0,0.0,0.0,0.0,175444.61000000002,382054.84,23725.989999999998,419650.39,0.0,131387.89,58441.59,0.0,42349.89,38228.41,168563.65,61926.47,0.0,0.0,0.0,0.0,0.0,260048.16,0.0,0.0,0.0,86528.09,0.0,93821.19,0.0,567597.97,1488718.2600000002,-921120.2900000003
23,Темирлан,Стандартный клиент,Павлодар,39,2025-07,146389,Обмен валют,KZT,242470.96000000002,78775.26000000001,850239.98,44760.99,0.0,0.0,0.0,2202180.3,2285990.24,0.0,0.0,0.0,0.0,0.0,178864.16,427774.11,17613.21,529005.85,0.0,149680.63,28933.34,0.0,34882.09,51933.74,224230.21,35470.69,0.0,0.0,0.0,0.0,0.0,305529.46,0.0,0.0,0.0,22748.52,0.0,82355.72,0.0,670155.3099999999,1606558.88,-936403.57
23,Темирлан,Стандартный клиент,Павлодар,39,2025-08,146389,Обмен валют,KZT,237954.71,59395.0,739952.89,46308.55,0.0,0.0,0.0,2020202.02,492739.8,0.0,0.0,0.0,0.0,0.0,194002.91999999998,324466.13,20135.010000000002,360659.22,0.0,155147.43,91757.78,0.0,33205.85,60292.83,125277.59,74463.06,0.0,0.0,0.0,0.0,0.0,191651.69,0.0,0.0,0.0,56526.37,0.0,89285.81,0.0,486497.77999999997,1413569.3699999999,-927071.5899999999
24,Гульмира,Зарплатный клиент,Усть-Каменогорск,41,2025-06,53785,Обмен валют,KZT,236758.48,53637.55,909580.09,51967.86,0.0,0.0,0.0,2954561.64,781962.7899999999,0.0,0.0,0.0,0.0,0.0,213689.94,475617.16000000003,19008.22,412572.4,0.0,155990.52000000002,62628.95,0.0,30061.66,50407.89,197862.04,45167.06,0.0,0.0,0.0,0.0,0.0,306235.83999999997,0.0,0.0,0.0,67628.2,0.0,92358.71,0.0,537186.03,1754877.71,-1217691.68
24,Гульмира,Зарплатный клиент,Усть-Каменогорск,41,2025-07,53785,Обмен валют,KZT,289088.13,35283.36,758767.75,30229.729999999996,0.0,0.0,0.0,1992641.01,648208.35,0.0,0.0,0.0,0.0,0.0,133869.85,476069.82,25977.16,368543.96,0.0,142788.2,77186.79,0.0,53425.55,19899.2,148039.18,70524.0,0.0,0.0,0.0,0.0,0.0,286931.07,0.0,0.0,0.0,83739.36,0.0,97423.11,0.0,460034.21,1511495.6199999999,-1051461.41
24,Гульмира,Зарплатный клиент,Усть-Каменогорск,41,2025-08,53785,Обмен валют,KZT,280716.79,121576.95999999999,748019.87,46514.020000000004,0.0,0.0,0.0,3046885.55,500409.1,0.0,0.0,0.0,0.0,0.0,191902.23,415652.84,16432.129999999997,437677.19,0.0,161088.53,47015.18,0.0,83051.45,30569.84,200637.22,60187.869999999995,0.0,0.0,0.0,0.0,0.0,286486.94,0.0,0.0,0.0,40277.99,0.0,69993.75,0.0,622200.3,1516663.47,-894463.1699999999
25,Адиль,Зарплатный клиент,Алматы,36,2025-06,55634,Кредит наличными,KZT,173180.18,53739.4,1137854.56,43984.229999999996,0.0,0.0,0.0,0.0,0.0,0.0,0.0,0.0,0.0,0.0,290620.44,345642.4,49870.81,323669.5,0.0,161260.19,59794.36,0.0,40572.23,50820.95,132874.96,69081.12,0.0,0.0,0.0,0.0,0.0,219816.77,0.0,0.0,0.0,54195.020000000004,0.0,125077.47,0.0,471263.94,1935377.5899999999,-1464113.65
25,Адиль,Зарплатный клиент,Алматы,36,2025-07,55634,Кредит наличными,KZT,202774.22,52443.96,1010108.18,72369.47,0.0,0.0,0.0,0.0,0.0,0.0,0.0,0.0,0.0,0.0,321261.12,387383.62,31309.16,518493.37,0.0,197308.43,8141.96,0.0,102934.33,44652.49,126128.22,54811.229999999996,0.0,0.0,0.0,0.0,0.0,178600.12,0.0,0.0,0.0,63740.53,0.0,97746.99,0.0,674615.96,1916061.3499999999,-1241445.39
25,Адиль,Зарплатный клиент,Алматы,36,2025-08,55634,Кредит наличными,KZT,249218.89,90953.36000000002,1036558.18,65099.24,0.0,0.0,0.0,0.0,0.0,0.0,0.0,0.0,0.0,0.0,287980.09,560683.25,34265.94,519450.32,0.0,174763.47999999998,107358.73,0.0,72064.02,43389.0,175368.29,12535.83,0.0,0.0,0.0,0.0,0.0,277911.26,0.0,0.0,0.0,33908.89,0.0,88586.62,0.0,709768.86,2059985.0,-1350216.1400000001
26,Маржан,Стандартный клиент,Астана,33,2025-06,136248,Кредит наличными,KZT,222317.02000000002,65958.98,1089276.8900000001,24396.46,0.0,0.0,0.0,0.0,0.0,0.0,0.0,0.0,0.0,0.0,277387.93,436620.98,26824.489999999998,464264.81,0.0,144152.09999999998,58427.96,0.0,53021.71,57135.39,128167.03,74143.52,0.0,0.0,0.0,0.0,0.0,191897.03,0.0,0.0,0.0,55841.61,0.0,114555.86,0.0,581444.74,1947437.9,-1365993.16
26,Маржан,Стандартный клиент,Астана,33,2025-07,136248,Кредит наличными,KZT,241580.46000000002,49133.6,1052120.49,39741.66,0.0,0.0,0.0,0.0,0.0,0.0,0.0,0.0,0.0,0.0,309701.93,408697.85000000003,30165.25,463103.41,0.0,185259.5,47189.29,0.0,38215.369999999995,61411.66,159315.72,66821.77,0.0,0.0,0.0,0.0,0.0,234678.7,0.0,0.0,0.0,89722.56,0.0,69654.84999999999,0.0,582143.9199999999,1955779.77,-1373635.85
26,Маржан,Стандартный клиент,Астана,33,2025-08,136248,Кредит наличными,KZT,193844.72,74743.38999999998,1257372.11,24098.54,0.0,0.0,0.0,0.0,0.0,0.0,0.0,0.0,0.0,0.0,241986.57,457187.45,9751.78,437027.62,0.0,163628.73,96334.54,0.0,45501.39,40070.729999999996,170571.95,39095.909999999996,0.0,0.0,0.0,146246.03,0.0,213728.01,275849.7,23773.7,0.0,39833.61,0.0,122158.55,0.0,545621.33,2120174.8600000003,-1574553.5300000003
27,Нурсултан,Зарплатный клиент,Караганда,29,2025-06,70858,Кредит наличными,KZT,186189.47,70633.72,1092642.5,55655.58,0.0,0.0,0.0,0.0,0.0,0.0,0.0,0.0,0.0,0.0,272064.49,401775.1,27261.54,233918.22,0.0,149495.33,24714.45,0.0,71448.03,39253.049999999996,196839.51,52866.43,0.0,0.0,0.0,0.0,0.0,246512.38,0.0,0.0,0.0,34225.84,0.0,85049.12,0.0,387469.06,1915977.42,-1528508.3599999999
27,Нурсултан,Зарплатный клиент,Караганда,29,2025-07,70858,Кредит наличными,KZT,279000.11,70845.72,1020710.58,32373.010000000002,0.0,0.0,0.0,0.0,0.0,0.0,0.0,0.0,0.0,0.0,314051.62,446863.75,38194.92,393801.92,0.0,130553.23,35984.89,0.0,42546.5,47466.31,176892.23,58010.03,0.0,0.0,0.0,0.0,0.0,293110.57,0.0,0.0,0.0,55144.15,0.0,97553.69,0.0,535215.5700000001,1912179.18,-1376963.6099999999
27,Нурсултан,Зарплатный клиент,Караганда,29,2025-08,70858,Кредит наличными,KZT,270292.33,66233.29,1246041.23,33807.04,0.0,0.0,0.0,0.0,0.0,0.0,0.0,0.0,0.0,0.0,324402.38,394602.32,40665.33,328476.53,0.0,138224.28,25025.61,0.0,49257.979999999996,37545.53,202114.69,48575.770000000004,0.0,0.0,0.0,134771.35,0.0,175387.57,138624.27000000002,34636.57,0.0,46342.01,0.0,99533.95999999999,0.0,469182.19,2103270.21,-1634088.02
28,Алтынай,Стандартный клиент,Кызылорда,42,2025-06,150281,Кредит наличными,KZT,195884.09,51353.770000000004,1114913.78,22214.38,0.0,0.0,0.0,0.0,0.0,0.0,0.0,0.0,0.0,0.0,337634.2,472351.88,31239.910000000003,345778.29,0.0,148872.12,56080.83,0.0,61209.78,52648.450000000004,154346.14,69075.12,0.0,0.0,0.0,0.0,0.0,196262.13,0.0,0.0,0.0,42840.5,0.0,79932.3,0.0,450586.35,2073771.98,-1623185.63
28,Алтынай,Стандартный клиент,Кызылорда,42,2025-07,150281,Кредит наличными,KZT,209775.43,66766.46,918805.76,36498.95,0.0,0.0,0.0,0.0,0.0,0.0,0.0,0.0,0.0,0.0,244532.68,420685.41000000003,30219.3,429201.58,0.0,173839.64,64706.31,0.0,62968.17,59708.08,104811.68,55956.64,0.0,0.0,0.0,0.0,0.0,280575.02999999997,0.0,0.0,0.0,39310.71,0.0,80797.2,0.0,562686.29,1757863.4900000002,-1195177.2000000002
28,Алтынай,Стандартный клиент,Кызылорда,42,2025-08,150281,Кредит наличными,KZT,197072.59000000003,111403.92,1138132.8,43053.119999999995,0.0,0.0,0.0,0.0,0.0,0.0,0.0,0.0,0.0,0.0,362601.09,521244.92,55927.119999999995,448311.07,0.0,165127.41999999998,28352.93,0.0,32386.260000000002,45436.770000000004,213388.56,51418.18,0.0,0.0,0.0,203146.35,0.0,193283.76,91899.54999999999,38176.3,0.0,39373.88,0.0,103399.04,0.0,658695.23,2187106.23,-1528411.0
29,Сая,Зарплатный клиент,Тараз,25,2025-06,88487,Кредит наличными,KZT,201323.98,75778.31,1114701.2,50844.85,0.0,0.0,0.0,0.0,0.0,0.0,0.0,0.0,0.0,0.0,297018.04,386662.03,15377.050000000001,364315.25,0.0,126130.69,53347.75,0.0,59961.99,40361.36,162520.2,34187.3,0.0,0.0,0.0,0.0,0.0,281579.86,0.0,0.0,0.0,47707.99,0.0,124910.31,0.0,506315.45999999996,1924511.96,-1418196.5
29,Сая,Зарплатный клиент,Тараз,25,2025-07,88487,Кредит наличными,KZT,200500.09,65633.96,1135402.58,28501.239999999998,0.0,0.0,0.0,0.0,0.0,0.0,0.0,0.0,0.0,0.0,264127.33,509464.93,17081.65,315172.77,0.0,192923.67,53858.43,0.0,83374.95,52235.009999999995,164428.1,35870.84,0.0,0.0,0.0,0.0,0.0,338373.37,0.0,0.0,0.0,45264.95,0.0,63451.97,0.0,426389.62,2101918.5100000002,-1675528.8900000001
29,Сая,Зарплатный клиент,Тараз,25,2025-08,88487,Кредит наличными,KZT,196870.16,40629.6,994124.25,28656.66,0.0,0.0,0.0,0.0,0.0,0.0,0.0,0.0,0.0,0.0,276106.41,386649.64999999997,15969.89,281180.36,0.0,129904.46,50063.520000000004,0.0,25158.72,30687.88,186071.82,25587.79,0.0,0.0,0.0,175328.0,0.0,276261.66000000003,96798.09,0.0,0.0,41479.86,0.0,130231.61,0.0,366436.51,1786784.7699999998,-1420348.2599999998
30,Ербол,Стандартный клиент,Павлодар,40,2025-06,104553,Кредит наличными,KZT,254150.7,127190.81,1071223.26,33571.47,0.0,0.0,0.0,0.0,0.0,0.0,0.0,0.0,0.0,0.0,281121.6,447303.22000000003,10547.9,482753.56,0.0,130866.97,38216.27,0.0,44225.92,53098.06,135768.77,54507.28,0.0,0.0,0.0,0.0,0.0,277387.49,0.0,0.0,0.0,49431.24,0.0,90006.44,0.0,654063.74,1930515.0499999998,-1276451.3099999998
30,Ербол,Стандартный клиент,Павлодар,40,2025-07,104553,Кредит наличными,KZT,178774.66,96844.53,1169831.11,53195.020000000004,0.0,0.0,0.0,0.0,0.0,0.0,0.0,0.0,0.0,0.0,310081.76,396749.49,32874.85,396224.03,0.0,121509.88,59000.75,0.0,37245.9,48530.87,237814.01,31516.600000000002,0.0,0.0,0.0,0.0,0.0,314336.32,0.0,0.0,0.0,62912.39,0.0,108802.72,0.0,579138.43,1998172.2400000002,-1419033.81
30,Ербол,Стандартный клиент,Павлодар,40,2025-08,104553,Кредит наличными,KZT,168526.88,77956.75,1104637.19,53362.43,0.0,0.0,0.0,0.0,0.0,0.0,0.0,0.0,0.0,0.0,295287.6,382609.96,51036.67,520294.52,0.0,170174.63,57723.84,0.0,28114.670000000002,72728.11,174280.48,41859.78,0.0,0.0,0.0,158742.55,0.0,297894.57,165132.74,8065.31,0.0,36731.38,0.0,106421.03,0.0,702650.37,1952709.38,-1250059.0099999998
31,Дамир,Зарплатный клиент,Алматы,34,2025-06,1303848,Депозит Мультивалютный,KZT,253757.79,94553.41,1243867.8,34768.770000000004,0.0,0.0,0.0,0.0,0.0,0.0,0.0,0.0,0.0,0.0,210274.72,488112.41,22974.0,456570.58,0.0,149383.88,54378.22,0.0,48582.55,55182.82,183205.17,36536.24,0.0,0.0,0.0,0.0,0.0,301488.56,0.0,0.0,0.0,52565.81,0.0,84406.86,0.0,608866.76,2091638.81,-1482772.05
31,Дамир,Зарплатный клиент,Алматы,34,2025-07,1303848,Депозит Мультивалютный,KZT,253015.66,77953.3,1158834.76,40454.47,0.0,0.0,0.0,0.0,0.0,0.0,0.0,0.0,0.0,0.0,203185.55,407409.57,25741.41,410478.45,0.0,187450.62,106140.77,0.0,56658.09,60117.36,173175.1,61200.32,0.0,0.0,0.0,0.0,0.0,149364.54,0.0,0.0,0.0,41722.35,0.0,117254.76000000001,0.0,554627.63,1956880.5,-1402252.87
31,Дамир,Зарплатный клиент,Алматы,34,2025-08,1303848,Депозит Мультивалютный,KZT,304842.49,55588.67999999999,1152842.55,43224.4,0.0,0.0,0.0,0.0,0.0,0.0,0.0,0.0,0.0,0.0,184773.87,580143.2,9368.51,380533.57,0.0,149602.46,86578.48,0.0,29661.68,58608.86,172940.39,37847.78,0.0,0.0,0.0,0.0,0.0,211239.19,0.0,0.0,0.0,71218.8,0.0,93134.19,0.0,488715.16,2067362.0799999998,-1578646.92
32,Алия,Премиальный клиент,Астана,46,2025-06,2317160,Депозит Мультивалютный,KZT,278424.86,77899.92,1005093.37,27552.39,0.0,0.0,0.0,0.0,0.0,0.0,0.0,0.0,0.0,0.0,203666.06,509527.13,26435.739999999998,702850.71,0.0,177968.2,9429.74,0.0,91715.67,42028.67,321920.42,50826.68,0.0,0.0,0.0,0.0,0.0,277693.17,0.0,0.0,0.0,57921.44,0.0,96034.83,0.0,834738.76,1896254.76,-1061516.0
32,Алия,Премиальный клиент,Астана,46,2025-07,2317160,Депозит Мультивалютный,KZT,189776.3,78858.45,1031749.27,28742.81,0.0,0.0,0.0,0.0,0.0,0.0,0.0,0.0,0.0,0.0,165238.94,484581.51,34833.99,819829.17,0.0,144891.28,55929.909999999996,0.0,52310.61,38306.16,428646.83,65351.65,0.0,0.0,0.0,0.0,0.0,261840.36,0.0,0.0,0.0,56639.19,0.0,99770.86,0.0,962264.42,1826461.0,-864196.58
32,Алия,Премиальный клиент,Астана,46,2025-08,2317160,Депозит Мультивалютный,KZT,265693.25,127092.76,1108766.33,53578.75,0.0,0.0,0.0,0.0,0.0,0.0,0.0,0.0,0.0,0.0,167280.43,403099.54000000004,15116.720000000001,1002686.46,0.0,140514.86000000002,47863.64,0.0,47436.39,36249.9,427167.79,63498.59,0.0,0.0,0.0,0.0,0.0,281338.54,0.0,0.0,0.0,44559.369999999995,0.0,103857.56,0.0,1198474.69,1819661.1600000001,-621186.4700000002
33,Мерей,Зарплатный клиент,Шымкент,31,2025-06,824246,Депозит Мультивалютный,KZT,280139.83,69130.14,1161806.84,19897.29,0.0,0.0,0.0,0.0,0.0,0.0,0.0,0.0,0.0,0.0,166617.37,420361.52,35803.55,430683.88,0.0,119924.07,37808.03,0.0,43640.72,70844.29000000001,160904.69,58115.21000000001,0.0,0.0,0.0,0.0,0.0,255750.75,0.0,0.0,0.0,70948.56,0.0,90144.84,0.0,555514.86,1868709.8,-1313194.94
33,Мерей,Зарплатный клиент,Шымкент,31,2025-07,824246,Депозит Мультивалютный,KZT,173946.32,60202.95,1207737.95,62439.11,0.0,0.0,0.0,0.0,0.0,0.0,0.0,0.0,0.0,0.0,163835.82,428325.55,33396.840000000004,450763.53,0.0,130455.5,26382.37,0.0,48132.21,53371.19,152819.2,13609.990000000002,0.0,0.0,0.0,0.0,0.0,383993.06,0.0,0.0,0.0,75834.72,0.0,91841.31,0.0,606802.43,1930354.82,-1323552.3900000001
33,Мерей,Зарплатный клиент,Шымкент,31,2025-08,824246,Депозит Мультивалютный,KZT,184684.05,84050.06,1183422.6300000001,40000.39,0.0,0.0,0.0,0.0,0.0,0.0,0.0,0.0,0.0,0.0,175439.0,486403.55,33095.47,417848.37,0.0,157793.74,120772.09,0.0,80476.63,24025.440000000002,195375.63,66952.14,0.0,0.0,0.0,0.0,0.0,263924.31,0.0,0.0,0.0,38092.14,0.0,55036.12,0.0,574994.29,2003058.9200000002,-1428064.6300000001
35,Самат,Премиальный клиент,Алматы,52,2025-06,1448797,Депозит Мультивалютный,KZT,243249.74,87168.73999999999,1114438.32,28789.11,0.0,0.0,0.0,0.0,0.0,0.0,0.0,0.0,0.0,0.0,119579.24,340880.65,16168.26,681542.47,0.0,127512.82,63870.31,0.0,45319.28,29673.12,317422.12,50761.58,0.0,0.0,0.0,0.0,0.0,303338.61,0.0,0.0,0.0,66431.56999999999,0.0,116266.81,0.0,813668.58,1702411.03,-888742.4500000001
35,Самат,Премиальный клиент,Алматы,52,2025-07,1448797,Депозит Мультивалютный,KZT,218234.23,100575.68,1194352.41,57569.06999999999,0.0,0.0,0.0,0.0,0.0,0.0,0.0,0.0,0.0,0.0,152482.74,381480.41,22367.559999999998,727140.35,0.0,215002.15,32237.65,0.0,24825.07,33938.65,440771.39,72665.28,0.0,0.0,0.0,0.0,0.0,200203.03,0.0,0.0,0.0,76966.09,0.0,108869.78,0.0,907652.6599999999,1943317.7099999997,-1035665.0499999998
35,Самат,Премиальный клиент,Алматы,52,2025-08,1448797,Депозит Мультивалютный,KZT,210418.78,77634.4,927128.62,35360.75,0.0,0.0,0.0,0.0,0.0,0.0,0.0,0.0,0.0,0.0,160549.98,448966.92,37291.34,690695.52,0.0,134441.38,55188.729999999996,0.0,66139.18,64873.06,349963.67,47933.9,0.0,0.0,0.0,0.0,0.0,302450.42,0.0,0.0,0.0,28473.0,0.0,82088.41,0.0,840982.01,1671086.9,-830104.8899999999
36,Назым,Зарплатный клиент,Усть-Каменогорск,29,2025-06,712277,Депозит Мультивалютный,KZT,203832.76,40914.53,1251418.75,20467.71,0.0,0.0,0.0,0.0,0.0,0.0,0.0,0.0,0.0,0.0,212621.97999999998,449525.3,17683.63,321242.23,0.0,187764.68,74228.98,0.0,64000.81,54784.54,162950.14,51621.11,0.0,0.0,0.0,0.0,0.0,302705.62,0.0,0.0,0.0,36030.74,0.0,60275.63,0.0,400308.1,2101330.71,-1701022.6099999999
36,Назым,Зарплатный клиент,Усть-Каменогорск,29,2025-07,712277,Депозит Мультивалютный,KZT,229967.75,100062.36,1165251.76,67896.67,0.0,0.0,0.0,0.0,0.0,0.0,0.0,0.0,0.0,0.0,225087.51,351289.76,21405.739999999998,335029.63,0.0,152359.67,14509.4,0.0,47053.2,73944.07,115323.25,44931.55,0.0,0.0,0.0,0.0,0.0,211194.62,0.0,0.0,0.0,71347.81,0.0,102486.92,0.0,524394.4,1893988.7,-1369594.2999999998
36,Назым,Зарплатный клиент,Усть-Каменогорск,29,2025-08,712277,Депозит Мультивалютный,KZT,177211.99000000002,91494.84999999999,1055360.64,56250.340000000004,0.0,0.0,0.0,0.0,0.0,0.0,0.0,0.0,0.0,0.0,199524.07,359787.9,31144.25,455012.1,0.0,157132.4,30880.12,0.0,82581.06,68687.38,117997.03,51745.05,0.0,0.0,0.0,0.0,0.0,209954.57,0.0,0.0,0.0,49447.51,0.0,104144.24,0.0,633901.54,1771805.0099999998,-1137903.4699999997
37,Гульнар,Зарплатный клиент,Алматы,45,2025-06,900361,Депозит Сберегательный,KZT,315674.63,60928.53,1083439.81,81057.6,0.0,0.0,0.0,0.0,0.0,0.0,0.0,0.0,0.0,0.0,201730.09000000003,391055.17,23830.43,512740.73,0.0,162028.98,39393.369999999995,0.0,35086.42,66947.65,167777.82,33604.17,0.0,0.0,0.0,0.0,0.0,331504.42,0.0,0.0,0.0,32206.31,0.0,102009.33,0.0,678557.29,1838254.05,-1159696.76
37,Гульнар,Зарплатный клиент,Алматы,45,2025-07,900361,Депозит Сберегательный,KZT,307792.73,95882.58,1104575.31,41266.58,0.0,0.0,0.0,0.0,0.0,0.0,0.0,0.0,0.0,0.0,176724.91,390371.0,44897.649999999994,380120.05,0.0,150092.75,25932.97,0.0,90280.24,83636.85,144147.61,42350.56,0.0,0.0,0.0,0.0,0.0,249123.66,0.0,0.0,0.0,43695.13,0.0,58680.62,0.0,562166.86,1821763.97,-1259597.1099999999
37,Гульнар,Зарплатный клиент,Алматы,45,2025-08,900361,Депозит Сберегательный,KZT,241192.93,142459.7,1123842.41,58509.40000000001,0.0,0.0,0.0,0.0,0.0,0.0,0.0,0.0,0.0,0.0,162517.27,373020.82,32079.160000000003,466381.48,0.0,170289.85,30613.37,0.0,47033.29,50894.94,128412.49,57928.71,0.0,0.0,0.0,0.0,0.0,275729.01,0.0,0.0,0.0,80832.81,0.0,73026.35,0.0,699429.74,1829670.35,-1130240.61
38,Серик,Премиальный клиент,Астана,54,2025-06,5818675,Депозит Сберегательный,KZT,221573.13,150914.41,1045498.97,46741.41,0.0,0.0,0.0,0.0,0.0,0.0,0.0,0.0,0.0,0.0,153468.6,385984.53,30130.09,662226.4,0.0,159292.77000000002,53720.29,0.0,82638.68,67832.58,238974.97,25563.79,0.0,0.0,0.0,0.0,0.0,207053.52000000002,0.0,0.0,0.0,85050.23,0.0,111307.14,0.0,890012.31,1744244.87,-854232.56
38,Серик,Премиальный клиент,Астана,54,2025-07,5818675,Депозит Сберегательный,KZT,229300.47,126561.4,1170127.63,44001.99,0.0,0.0,0.0,0.0,0.0,0.0,0.0,0.0,0.0,0.0,194543.17,394084.25,35932.64,863906.31,0.0,161773.69999999998,158173.16,0.0,56457.38,46915.93,446047.25,46702.21,0.0,0.0,0.0,0.0,0.0,235067.09,0.0,0.0,0.0,24215.58,0.0,97787.98999999999,0.0,1070402.34,1920528.7499999998,-850126.4099999997
38,Серик,Премиальный клиент,Астана,54,2025-08,5818675,Депозит Сберегательный,KZT,141746.74,86269.73999999999,939512.03,42580.23,0.0,0.0,0.0,0.0,0.0,0.0,0.0,0.0,0.0,0.0,125237.45,399525.72,18491.15,749984.05,0.0,189330.23,0.0,0.0,36292.58,93531.19,376896.22,39911.56,0.0,0.0,0.0,0.0,0.0,297932.99,0.0,0.0,0.0,62742.16,0.0,95119.79999999999,0.0,897325.17,1653605.43,-756280.2599999999
39,Ляззат,Зарплатный клиент,Костанай,39,2025-06,1248239,Депозит Сберегательный,KZT,254899.32,77669.73,1046340.59,17585.31,0.0,0.0,0.0,0.0,0.0,0.0,0.0,0.0,0.0,0.0,187462.97,406831.38,20192.07,512307.28,0.0,134964.31,24204.79,0.0,73869.98999999999,9297.810000000001,131388.32,83701.64,0.0,0.0,0.0,0.0,0.0,257314.49,0.0,0.0,0.0,77714.31,0.0,87324.38,0.0,627754.39,1775599.25,-1147844.8599999999
39,Ляззат,Зарплатный клиент,Костанай,39,2025-07,1248239,Депозит Сберегательный,KZT,264882.39,55082.27,1425273.25,29929.91,0.0,0.0,0.0,0.0,0.0,0.0,0.0,0.0,0.0,0.0,194465.03999999998,408480.87,4551.3099999999995,344091.34,0.0,136804.31,0.0,0.0,63209.33,67024.41,178848.72999999998,63248.84,0.0,0.0,0.0,0.0,0.0,225611.77000000002,0.0,0.0,0.0,82123.48,0.0,67762.72,0.0,433654.83,2165023.47,-1731368.6400000001
39,Ляззат,Зарплатный клиент,Костанай,39,2025-08,1248239,Депозит Сберегательный,KZT,244271.41999999998,115780.53,1052290.8599999999,30412.89,0.0,0.0,0.0,0.0,0.0,0.0,0.0,0.0,0.0,0.0,173836.47,410732.16,14979.97,408677.25,0.0,140232.15,0.0,0.0,47022.65,60540.61,188422.02,77868.41,0.0,0.0,0.0,0.0,0.0,181258.79,0.0,0.0,0.0,80900.22,0.0,91922.19,0.0,569850.64,1777091.6399999997,-1207240.9999999995
40,Асхат,Стандартный клиент,Павлодар,43,2025-06,86092,Депозит Сберегательный,KZT,170856.93,69277.17,1028471.87,71836.17,0.0,0.0,0.0,0.0,0.0,0.0,0.0,0.0,0.0,0.0,192637.84,390945.96,31870.89,464510.86,0.0,108988.66,0.0,0.0,81835.31,36555.83,215930.75,26125.09,0.0,0.0,0.0,0.0,0.0,239600.85,0.0,0.0,0.0,52773.9,0.0,107916.25,0.0,637495.09,1721044.3299999998,-1083549.2399999998
40,Асхат,Стандартный клиент,Павлодар,43,2025-07,86092,Депозит Сберегательный,KZT,182626.45,103628.04000000001,1128262.14,38333.5,0.0,0.0,0.0,0.0,0.0,0.0,0.0,0.0,0.0,0.0,170599.94,369925.49,45233.19,408827.94,0.0,137703.11000000002,43707.65,0.0,71375.76,61649.74,166263.95,39800.84,0.0,0.0,0.0,0.0,0.0,264522.71,0.0,0.0,0.0,49122.46,0.0,98494.41,0.0,596022.67,1806490.68,-1210468.0099999998
40,Асхат,Стандартный клиент,Павлодар,43,2025-08,86092,Депозит Сберегательный,KZT,167753.89,51637.479999999996,1152248.33,45581.44,0.0,0.0,0.0,0.0,0.0,0.0,0.0,0.0,0.0,0.0,175702.97,424375.91000000003,21680.21,431378.78,0.0,144529.31,28705.12,0.0,59181.86,36121.08,211266.56,53479.69,0.0,0.0,0.0,0.0,0.0,389364.96,0.0,0.0,0.0,28297.7,0.0,98506.64,0.0,550277.91,1896856.52,-1346578.6099999999
41,Сандугаш,Зарплатный клиент,Шымкент,47,2025-06,1164313,Депозит Сберегательный,KZT,264682.52,109075.27,1235520.41,37266.229999999996,0.0,0.0,0.0,0.0,0.0,0.0,0.0,0.0,0.0,0.0,198353.25,401642.67,18251.7,440856.8,0.0,159208.99,0.0,0.0,48007.75,39204.61,159693.99,106271.58,0.0,0.0,0.0,0.0,0.0,297893.81,0.0,0.0,0.0,79228.24,0.0,77377.26,0.0,605450.0,1994725.3199999998,-1389275.3199999998
41,Сандугаш,Зарплатный клиент,Шымкент,47,2025-07,1164313,Депозит Сберегательный,KZT,184296.28,88177.81,1272927.84,41451.74,0.0,0.0,0.0,0.0,0.0,0.0,0.0,0.0,0.0,0.0,157236.64,393354.17,20516.77,385439.92,0.0,118864.91,49686.31,0.0,37390.77,47326.0,209668.79,75813.57,0.0,0.0,0.0,0.0,0.0,283899.16000000003,0.0,0.0,0.0,37781.67,0.0,64869.0,0.0,535586.24,1942383.5599999998,-1406797.3199999998
41,Сандугаш,Зарплатный клиент,Шымкент,47,2025-08,1164313,Депозит Сберегательный,KZT,233524.5,53569.53,1093121.01,40940.79,0.0,0.0,0.0,0.0,0.0,0.0,0.0,0.0,0.0,0.0,154523.41,480295.37,14977.060000000001,399271.34,0.0,179495.22,61007.78999999999,0.0,34612.7,71521.57,148327.63,56482.259999999995,0.0,0.0,0.0,0.0,0.0,270684.61,0.0,0.0,0.0,43612.2,0.0,107008.53,0.0,508758.72000000003,1907435.01,-1398676.29
42,Рустем,Премиальный клиент,Алматы,58,2025-06,2948028,Депозит Сберегательный,KZT,253190.28,187694.53,897342.69,29700.230000000003,0.0,0.0,0.0,0.0,0.0,0.0,0.0,0.0,0.0,0.0,155910.73,381320.59,18827.760000000002,778223.36,0.0,143714.03,43441.45,0.0,37897.0,60358.66,423264.55,54656.8,0.0,0.0,0.0,0.0,0.0,288079.71,0.0,0.0,0.0,37967.23,0.0,137071.37,0.0,1014445.88,1578288.04,-563842.16
42,Рустем,Премиальный клиент,Алматы,58,2025-07,2948028,Депозит Сберегательный,KZT,244624.25,120527.09,919540.69,57395.229999999996,0.0,0.0,0.0,0.0,0.0,0.0,0.0,0.0,0.0,0.0,214584.16,364343.69,28318.030000000002,967289.81,0.0,167493.73,32112.440000000002,0.0,61618.59,63350.61,376208.7,78735.86,0.0,0.0,0.0,0.0,0.0,273007.69,0.0,0.0,0.0,47735.5,0.0,97887.6,0.0,1173530.1600000001,1665962.2699999998,-492432.10999999964
42,Рустем,Премиальный клиент,Алматы,58,2025-08,2948028,Депозит Сберегательный,KZT,208919.52,73305.01000000001,1056881.71,22947.44,0.0,0.0,0.0,0.0,0.0,0.0,0.0,0.0,0.0,0.0,176547.35,352832.41,25104.17,597838.09,0.0,127768.91,44938.92,0.0,33910.52,50552.53,395089.39,73181.04000000001,0.0,0.0,0.0,0.0,0.0,290762.35,0.0,0.0,0.0,49134.88,0.0,109116.93,0.0,719194.71,1714030.38,-994835.6699999999
43,Нуртас,Зарплатный клиент,Астана,28,2025-06,76320,Депозит Накопительный,KZT,162566.83,42082.23,1001554.2,39479.56,0.0,361457.83999999997,0.0,0.0,0.0,0.0,0.0,0.0,0.0,0.0,139450.39,340841.99,12831.3,423282.29,0.0,145872.86,54412.53,0.0,53760.299999999996,76546.02,116831.67,40312.66,0.0,0.0,0.0,0.0,0.0,296334.77,0.0,0.0,0.0,51649.52,0.0,91072.16,0.0,517675.38,1989177.2800000003,-1471501.9000000004
43,Нуртас,Зарплатный клиент,Астана,28,2025-07,76320,Депозит Накопительный,KZT,219109.84,71811.98999999999,1020568.88,67054.59,0.0,377365.6,0.0,0.0,0.0,0.0,0.0,0.0,0.0,0.0,182063.16,431150.68,23325.59,477948.95,0.0,123811.16,42815.26,0.0,21967.72,74159.18000000001,145442.66,74301.78,0.0,0.0,0.0,0.0,0.0,304826.99,0.0,0.0,0.0,61976.91,0.0,63158.54,0.0,640141.12,2134959.48,-1494818.3599999999
43,Нуртас,Зарплатный клиент,Астана,28,2025-08,76320,Депозит Накопительный,KZT,160942.66,80665.28,931663.91,42943.28,0.0,436607.64,0.0,0.0,0.0,0.0,0.0,0.0,0.0,0.0,180194.91,494882.06,53049.21,400325.61,0.0,133480.24,44313.33,0.0,71149.53,33807.32,157630.41,62984.82,0.0,0.0,0.0,0.0,0.0,250140.68,0.0,0.0,0.0,64413.64,0.0,63141.16,0.0,576983.38,2176828.76,-1599845.38
44,Айнагуль,Стандартный клиент,Алматы,35,2025-06,89846,Депозит Накопительный,KZT,313680.69,86045.63,1016812.25,18279.95,0.0,355995.3,0.0,0.0,0.0,0.0,0.0,0.0,0.0,0.0,214804.87,517203.92,19658.3,439380.33,0.0,143191.38,22228.32,0.0,44397.06,55616.799999999996,116978.39,40879.45,0.0,0.0,0.0,0.0,0.0,344644.35,0.0,0.0,0.0,78861.31,0.0,80276.68,0.0,563364.21,2248007.7199999997,-1684643.5099999998
44,Айнагуль,Стандартный клиент,Алматы,35,2025-07,89846,Депозит Накопительный,KZT,239670.2,77120.79999999999,1046198.85,39423.59,0.0,708868.33,0.0,0.0,0.0,0.0,0.0,0.0,0.0,0.0,213763.2,439378.33999999997,37670.59,420849.65,0.0,150539.59,33233.55,0.0,63709.96,43191.55,156155.61,28361.69,0.0,0.0,0.0,0.0,0.0,228991.73,0.0,0.0,0.0,53556.2,0.0,101732.42,0.0,575064.63,2558748.3099999996,-1983683.6799999997
44,Айнагуль,Стандартный клиент,Алматы,35,2025-08,89846,Депозит Накопительный,KZT,319018.48,73851.43000000001,1128185.61,62153.33,0.0,364491.17,0.0,0.0,0.0,0.0,0.0,0.0,0.0,0.0,207334.18,352954.25,18957.71,444630.41,0.0,141873.53,16711.97,0.0,41847.7,81225.53,173227.16,74278.54,0.0,0.0,0.0,0.0,0.0,259208.12,0.0,0.0,0.0,14695.54,0.0,73724.69,0.0,599592.88,2194838.7399999998,-1595245.8599999999
45,Диана,Зарплатный клиент,Караганда,27,2025-06,72552,Депозит Накопительный,KZT,274298.75,46497.31,996897.69,40756.09,0.0,420273.07,0.0,0.0,0.0,0.0,0.0,0.0,0.0,0.0,176637.72,425471.83999999997,19561.199999999997,523499.21,0.0,139791.19,0.0,0.0,32676.839999999997,0.0,385053.06,0.0,179705.73,302051.14,250484.02,299123.47,185865.66999999998,295145.08,0.0,0.0,360661.94,23746.48,225671.43,0.0,523499.21,630313.81,2159071.51,-1528757.6999999997
45,Диана,Зарплатный клиент,Караганда,27,2025-07,72552,Депозит Накопительный,KZT,271088.05,32379.12,1044847.34,39026.17,0.0,418857.69,0.0,0.0,0.0,0.0,0.0,0.0,0.0,0.0,161317.21,352445.39,30379.34,359054.9,0.0,143050.32,0.0,0.0,77552.09999999999,0.0,349294.91,0.0,187849.79,248595.52000000002,322434.54000000004,85632.27,150222.95,211135.72,0.0,0.0,523781.9,40202.990000000005,296687.94,0.0,359054.9,460839.53,2120517.9499999997,-1659678.4199999997
45,Диана,Зарплатный клиент,Караганда,27,2025-08,72552,Депозит Накопительный,KZT,262992.68,64100.490000000005,1074121.09,138845.46,0.0,665594.3400000001,0.0,0.0,0.0,0.0,0.0,0.0,0.0,0.0,185152.26,421648.66,19241.25,421714.55,0.0,138113.5,0.0,228330.57,21115.03,0.0,529814.01,2708.77,369931.39,366525.2,224645.04,0.0,214540.82,357785.66,0.0,0.0,507349.63,47614.72,99448.89,0.0,421714.55,643901.75,2484629.85,-1840728.1
46,Арсен,Стандартный клиент,Кызылорда,33,2025-06,86024,Депозит Накопительный,KZT,140297.26,71156.38,1030473.97,52429.4,0.0,463168.39,0.0,0.0,0.0,0.0,0.0,0.0,0.0,0.0,202130.26,440961.43,20296.68,376313.28,0.0,190274.58,0.0,0.0,70473.39,50478.48,114248.52,84655.74,0.0,0.0,0.0,0.0,0.0,219231.72,0.0,0.0,0.0,62401.1,0.0,76621.38,0.0,520195.74,2327008.63,-1806812.89
46,Арсен,Стандартный клиент,Кызылорда,33,2025-07,86024,Депозит Накопительный,KZT,184600.38999999998,67532.97,1046599.34,27869.0,0.0,431648.74,0.0,0.0,0.0,0.0,0.0,0.0,0.0,0.0,206457.33000000002,382978.9,48922.34,469440.01,0.0,159266.84000000003,30776.22,0.0,59654.28,63691.770000000004,153023.47,22809.45,0.0,0.0,0.0,0.0,0.0,339579.49,0.0,0.0,0.0,70258.43,0.0,101025.15,0.0,613764.3200000001,2226951.15,-1613186.8299999998
46,Арсен,Стандартный клиент,Кызылорда,33,2025-08,86024,Депозит Накопительный,KZT,320187.96,64168.259999999995,910980.87,27622.41,0.0,465161.08999999997,0.0,0.0,0.0,0.0,0.0,0.0,0.0,0.0,214183.84,494872.48,17693.21,567553.32,0.0,148745.5,69675.48,0.0,74405.05,49865.64,187360.56,23418.21,0.0,0.0,0.0,0.0,0.0,266511.33,0.0,0.0,0.0,63228.18,0.0,52134.38,0.0,677037.2,2233943.7800000003,-1556906.5800000003
47,Камшат,Зарплатный клиент,Тараз,30,2025-06,79592,Депозит Накопительный,KZT,282087.07,138422.45,1097626.94,20762.739999999998,0.0,347419.57999999996,0.0,0.0,0.0,0.0,0.0,0.0,0.0,0.0,188788.66,438972.95,11762.26,461392.69,0.0,150320.07,89509.65000000001,0.0,55463.73,33368.92,97704.69,45609.16,0.0,0.0,0.0,0.0,0.0,306926.24,0.0,0.0,0.0,68377.31,0.0,95672.39,0.0,632340.14,2223128.1999999997,-1590788.0599999996
47,Камшат,Зарплатный клиент,Тараз,30,2025-07,79592,Депозит Накопительный,KZT,269740.38,103167.74,941772.09,35836.2,0.0,699872.63,0.0,0.0,0.0,0.0,0.0,0.0,0.0,0.0,144303.11,353647.76,28646.379999999997,350716.9,0.0,129551.14,40105.07000000001,0.0,54468.869999999995,61651.15,116579.01000000001,52298.5,0.0,0.0,0.0,0.0,0.0,295582.79,0.0,0.0,0.0,43553.65,0.0,75797.15,0.0,518367.22000000003,2269146.73,-1750779.51
47,Камшат,Зарплатный клиент,Тараз,30,2025-08,79592,Депозит Накопительный,KZT,136823.27,97117.34,1061198.88,61019.91,0.0,409423.28,0.0,0.0,0.0,0.0,0.0,0.0,0.0,0.0,194494.27,385048.82999999996,42155.35,350694.08,0.0,128399.07,21752.22,0.0,53806.3,29913.57,227248.13,31064.21,0.0,0.0,0.0,94220.89,0.0,293455.48,79855.36,0.0,0.0,27131.73,0.0,105166.48,0.0,550986.68,2178564.3299999996,-1627577.6499999994
48,Ержан,Стандартный клиент,Павлодар,38,2025-06,82214,Депозит Накопительный,KZT,284547.54,45785.95,1169367.2,30961.31,0.0,436738.58999999997,0.0,0.0,0.0,0.0,0.0,0.0,0.0,0.0,228067.21,421825.05,25755.53,299968.34,0.0,117838.62,72114.11,0.0,58312.95,56727.380000000005,144094.56,69026.27,0.0,0.0,0.0,0.0,0.0,211289.61000000002,0.0,0.0,0.0,31285.15,0.0,84013.9,0.0,402471.13,2373836.67,-1971365.54
48,Ержан,Стандартный клиент,Павлодар,38,2025-07,82214,Депозит Накопительный,KZT,288407.25,65179.88,1089575.93,19657.68,0.0,526791.26,0.0,0.0,0.0,0.0,0.0,0.0,0.0,0.0,154919.62,393514.43,16283.42,462851.48,0.0,151640.27,46655.0,0.0,35380.75,82346.39,178093.37,27001.809999999998,0.0,0.0,0.0,0.0,0.0,217367.45,0.0,0.0,0.0,51321.54,0.0,107820.83,0.0,563972.46,2316441.5100000002,-1752469.0500000003
48,Ержан,Стандартный клиент,Павлодар,38,2025-08,82214,Депозит Накопительный,KZT,298447.44,45815.36,1171893.46,26280.48,0.0,375906.03,0.0,0.0,0.0,0.0,0.0,0.0,0.0,0.0,211990.4,378836.26,25690.54,436259.61,0.0,78964.14,35315.21,0.0,112303.27,27205.36,168475.7,54920.11,0.0,0.0,0.0,0.0,0.0,236433.54,0.0,0.0,0.0,39564.14,0.0,79396.13,0.0,534045.99,2217590.29,-1683544.3
49,Амина,Зарплатный клиент,Алматы,26,2025-06,1410759,Инвестиции,KZT,302728.69,75365.79000000001,908676.2999999999,35814.32,0.0,0.0,0.0,0.0,0.0,0.0,0.0,0.0,200106.58000000002,1398090.04,156367.78,423788.66,41274.17,574710.27,0.0,157666.12,36019.979999999996,0.0,68473.76,52493.8,134453.98,60107.53,0.0,0.0,0.0,0.0,0.0,263504.52999999997,0.0,0.0,0.0,70446.39,0.0,96893.28,0.0,927271.1300000001,3044588.9,-2117317.7699999996
49,Амина,Зарплатный клиент,Алматы,26,2025-07,1410759,Инвестиции,KZT,263730.8,64981.259999999995,897302.12,54435.36,0.0,0.0,0.0,0.0,0.0,0.0,0.0,0.0,200251.05,1079413.4,201322.97,370005.95,18914.41,530187.61,0.0,101752.44,0.0,0.0,73853.88,35736.85,244504.58000000002,80445.99,0.0,0.0,0.0,0.0,0.0,257859.76,0.0,0.0,0.0,34488.21,0.0,89151.25,0.0,868769.69,2649796.8800000004,-1781027.1900000004
49,Амина,Зарплатный клиент,Алматы,26,2025-08,1410759,Инвестиции,KZT,200692.82,73296.75,994739.54,23781.72,0.0,0.0,0.0,0.0,0.0,0.0,0.0,0.0,137068.4,1155384.67,165337.81,421561.52,22526.739999999998,433560.81,0.0,160505.76,17039.81,0.0,42747.51,41098.6,224833.94,51881.2,0.0,0.0,0.0,181758.15000000002,0.0,273477.65,181809.84,24318.98,0.0,15483.18,0.0,69453.72,0.0,690234.4199999999,2897529.3,-2207294.88
50,Тимурлан,Премиальный клиент,Астана,42,2025-06,3573697,Инвестиции,KZT,261488.87,98431.73000000001,827067.58,40211.86,0.0,0.0,0.0,0.0,0.0,0.0,0.0,0.0,171961.75,781037.8,209977.56,440558.99,16313.310000000001,940628.13,0.0,155909.16999999998,29248.96,0.0,33615.07,41209.76,398326.13,99310.04,0.0,0.0,0.0,0.0,0.0,247124.72999999998,0.0,0.0,0.0,41228.07,0.0,133019.58,0.0,1267546.78,2414551.0999999996,-1147004.3199999996
50,Тимурлан,Премиальный клиент,Астана,42,2025-07,3573697,Инвестиции,KZT,133444.65,102627.71,876863.52,22558.45,0.0,0.0,0.0,0.0,0.0,0.0,0.0,0.0,275914.88,855922.86,148701.56,357982.26,41169.43,888028.51,0.0,154977.51,98337.04000000001,0.0,41844.95,83965.8,230350.27,81346.57,0.0,0.0,0.0,0.0,0.0,396215.3,0.0,0.0,0.0,70980.96,0.0,84405.39,0.0,1330298.98,2394447.71,-1064148.73
50,Тимурлан,Премиальный клиент,Астана,42,2025-08,3573697,Инвестиции,KZT,259542.75,128464.8,787232.59,43818.59,0.0,0.0,0.0,0.0,0.0,0.0,0.0,0.0,101451.87,1798754.26,161807.66,380789.6,26716.28,530014.26,0.0,135015.71,33731.380000000005,0.0,58309.44,46386.47,332788.33,33942.0,0.0,0.0,0.0,0.0,0.0,222657.08,0.0,0.0,0.0,49677.35,0.0,133217.66,0.0,830465.8,3263599.8200000003,-2433134.0200000005
51,Жанат,Зарплатный клиент,Шымкент,31,2025-06,1429027,Инвестиции,KZT,219543.0,69726.3,931747.39,65446.969999999994,0.0,0.0,0.0,0.0,0.0,0.0,0.0,0.0,455671.36,1688047.63,171457.69,345400.32,29365.0,504437.21,0.0,201929.49,76860.92,0.0,65824.17,75978.26,125186.97,50792.32,0.0,0.0,0.0,0.0,0.0,219052.88,0.0,0.0,0.0,61495.06,0.0,85516.01,0.0,1124646.84,3338582.5199999996,-2213935.6799999997
51,Жанат,Зарплатный клиент,Шымкент,31,2025-07,1429027,Инвестиции,KZT,229681.04,84086.81,858473.33,75216.06,0.0,0.0,0.0,0.0,0.0,0.0,0.0,0.0,326996.25,868419.16,187523.31,422712.92,14864.58,365202.67,0.0,144859.42,50051.3,0.0,90497.27,49466.31,162584.92,29180.85,0.0,0.0,0.0,0.0,0.0,277928.02,0.0,0.0,0.0,38404.57,0.0,65881.9,0.0,866366.37,2481988.14,-1615621.77
51,Жанат,Зарплатный клиент,Шымкент,31,2025-08,1429027,Инвестиции,KZT,316100.77,97813.04,991253.09,16529.04,0.0,0.0,0.0,0.0,0.0,0.0,0.0,0.0,213067.08000000002,1716356.2000000002,211592.83000000002,382219.81,37023.29,361974.08,0.0,167872.97999999998,92059.27,0.0,54454.48,71752.41,140014.04,61020.81,0.0,0.0,0.0,0.0,0.0,217427.2,0.0,0.0,0.0,52386.19,0.0,91152.87,0.0,726406.53,3469294.91,-2742888.38
52,Милана,Премиальный клиент,Алматы,36,2025-06,3418709,Инвестиции,KZT,232994.71000000002,124809.03,749150.8,62663.380000000005,0.0,0.0,0.0,0.0,0.0,0.0,0.0,0.0,229389.76,1350574.53,209255.65,507561.54,13170.880000000001,949205.52,0.0,167091.44,42994.89,0.0,33268.38,35237.64,408333.22,67971.55,0.0,0.0,0.0,0.0,0.0,237489.6,0.0,0.0,0.0,22094.84,0.0,179595.72,0.0,1379238.57,2983633.96,-1604395.39
52,Милана,Премиальный клиент,Алматы,36,2025-07,3418709,Инвестиции,KZT,190011.59,135185.28,780950.13,51587.89,0.0,0.0,0.0,0.0,0.0,0.0,0.0,0.0,215804.28000000003,1020919.76,192149.5,386451.29,33140.12,749274.3,0.0,150663.37,8528.23,0.0,64065.53,60432.77,262819.4,46554.96,0.0,0.0,0.0,0.0,0.0,273351.81,0.0,0.0,0.0,53490.48,0.0,121024.15,0.0,1184991.87,2531134.0500000003,-1346142.1800000002
52,Милана,Премиальный клиент,Алматы,36,2025-08,3418709,Инвестиции,KZT,250211.68000000002,106311.82,847181.17,28202.57,0.0,0.0,0.0,0.0,0.0,0.0,0.0,0.0,223776.53,1199351.0999999999,193953.47999999998,394814.61,36920.08,920018.45,0.0,140762.94,23100.08,0.0,72063.06999999999,27667.02,269422.49,41751.89,0.0,0.0,0.0,0.0,0.0,336902.9,0.0,0.0,0.0,54883.02,0.0,129984.33,0.0,1315229.45,2776063.3,-1460833.8499999999
53,Расул,Зарплатный клиент,Караганда,29,2025-06,1258584,Инвестиции,KZT,202395.89,109396.36,787132.98,27956.15,0.0,0.0,0.0,0.0,0.0,0.0,0.0,0.0,199111.72,1052204.49,130043.11,430219.86,52020.69,303585.92,0.0,102623.58,119287.93,0.0,69752.41,65169.43,191163.11,26855.36,0.0,0.0,0.0,0.0,0.0,197782.36,0.0,0.0,0.0,51957.740000000005,0.0,66406.08,0.0,692070.84,2502224.02,-1810153.1800000002
53,Расул,Зарплатный клиент,Караганда,29,2025-07,1258584,Инвестиции,KZT,221486.91999999998,79446.2,1065294.87,33082.46000000001,0.0,0.0,0.0,0.0,0.0,0.0,0.0,0.0,180025.16999999998,774650.07,168836.03,470046.97000000003,13522.849999999999,377551.78,0.0,163819.83000000002,21907.01,0.0,61831.59,34680.36,162673.64,25406.96,0.0,0.0,0.0,0.0,0.0,294502.76,0.0,0.0,0.0,35931.91,0.0,113384.66,0.0,683628.46,2642647.77,-1959019.31
53,Расул,Зарплатный клиент,Караганда,29,2025-08,1258584,Инвестиции,KZT,176424.06,77548.79000000001,1113030.53,60107.89,0.0,0.0,0.0,0.0,0.0,0.0,0.0,0.0,310467.47,959501.79,158400.73,347633.24,14998.02,283805.36,0.0,171384.9,0.0,0.0,71687.70999999999,65679.21,198488.32,4594.63,0.0,0.0,0.0,0.0,0.0,233195.16,0.0,0.0,0.0,44263.95,0.0,135215.77,0.0,746927.53,2749951.19,-2003023.66
54,Виктория,Премиальный клиент,Усть-Каменогорск,45,2025-06,4083294,Инвестиции,KZT,259770.02,69655.64,825968.54,41698.189999999995,0.0,0.0,0.0,0.0,0.0,0.0,0.0,0.0,219877.99,1316956.1199999999,146275.46,452313.54,41515.89,838796.14,0.0,131006.72,67225.77,0.0,64752.62,28554.239999999998,351877.55,31399.15,0.0,0.0,0.0,0.0,0.0,385923.27999999997,0.0,0.0,0.0,55728.770000000004,0.0,106875.34,0.0,1211543.85,2872520.3800000004,-1660976.5300000003
54,Виктория,Премиальный клиент,Усть-Каменогорск,45,2025-07,4083294,Инвестиции,KZT,262463.75,105017.17,930041.56,40655.46,0.0,0.0,0.0,0.0,0.0,0.0,0.0,0.0,254725.33000000002,1071263.67,155528.99,423634.25,61027.479999999996,965421.97,0.0,140810.4,101204.10999999999,0.0,67635.57,46215.42,378020.27,62095.57,0.0,0.0,0.0,0.0,0.0,230989.57,0.0,0.0,0.0,28648.82,0.0,110935.38,0.0,1426847.41,2721278.8699999996,-1294431.4599999997
54,Виктория,Премиальный клиент,Усть-Каменогорск,45,2025-08,4083294,Инвестиции,KZT,225843.44,105375.19,950703.2,34166.39,0.0,0.0,0.0,0.0,0.0,0.0,0.0,0.0,234145.97999999998,1076461.1400000001,169763.97,448592.94,38827.79,751417.73,0.0,158931.29,12944.56,0.0,33699.69,46964.59,431357.46,36065.54,0.0,0.0,0.0,543000.99,0.0,286622.98,153576.18,15607.38,0.0,48434.43,0.0,143038.19,0.0,1163933.08,2804452.54,-1640519.46
55,Асель,Премиальный клиент,Алматы,49,2025-06,3504443,Золотые слитки,KZT,187197.69,75818.31,1041591.21,39542.729999999996,0.0,0.0,0.0,0.0,0.0,1500000.0,650658.34,0.0,0.0,0.0,158743.43,307891.64,8981.38,779060.43,0.0,162350.44,0.0,0.0,80030.37,65543.76,220077.65,54822.869999999995,0.0,0.0,0.0,0.0,0.0,303079.08,0.0,0.0,0.0,30402.73,0.0,104344.58,0.0,1554061.19,3170576.72,-1616515.5300000003
55,Асель,Премиальный клиент,Алматы,49,2025-07,3504443,Золотые слитки,KZT,188779.37,106683.29000000001,901991.44,62812.130000000005,0.0,0.0,0.0,0.0,0.0,1500000.0,1008196.8,0.0,0.0,0.0,153641.46,411088.52999999997,14078.89,1025471.43,0.0,162435.02,24682.07,0.0,44713.32,44176.97,397062.35000000003,58932.520000000004,0.0,0.0,0.0,0.0,0.0,217395.03,0.0,0.0,0.0,52322.34,0.0,110613.09,0.0,2217242.54,3129156.4499999997,-911913.9099999997
55,Асель,Премиальный клиент,Алматы,49,2025-08,3504443,Золотые слитки,KZT,180360.32,91593.3,1000673.53,27857.79,0.0,0.0,0.0,0.0,0.0,1500000.0,1500000.0,0.0,0.0,0.0,192519.16,647984.5599999999,27824.309999999998,891068.21,0.0,141724.51,39095.64,0.0,67194.16,42601.32,235481.66,46366.9,0.0,0.0,0.0,0.0,0.0,334771.19,0.0,0.0,0.0,54680.91,0.0,96346.39,0.0,2538343.6100000003,3482901.7600000007,-944558.1500000004
56,Нуркен,Зарплатный клиент,Астана,44,2025-06,60622,Золотые слитки,KZT,166633.53,112290.48,1144146.38,27454.9,0.0,0.0,0.0,0.0,0.0,992467.31,1255290.95,0.0,0.0,0.0,167823.18,480558.4,20339.34,457022.85,0.0,132883.88,25029.29,0.0,65384.649999999994,58218.770000000004,184712.96,29397.1,0.0,0.0,0.0,0.0,0.0,266222.49,0.0,0.0,0.0,92534.5,0.0,56335.58,0.0,1872398.52,2917879.15,-1045480.6299999999
56,Нуркен,Зарплатный клиент,Астана,44,2025-07,60622,Золотые слитки,KZT,281293.01,104681.94,990863.43,70928.5,0.0,0.0,0.0,0.0,0.0,1500000.0,1500000.0,0.0,0.0,0.0,149321.03,439367.06,15873.69,496905.26,0.0,194411.99,43442.78,0.0,45345.73,66781.36,147315.46,40285.12,0.0,0.0,0.0,0.0,0.0,308747.45,0.0,0.0,0.0,79326.86,0.0,55563.5,0.0,2188389.3899999997,3273963.51,-1085574.12
56,Нуркен,Зарплатный клиент,Астана,44,2025-08,60622,Золотые слитки,KZT,249343.41999999998,58819.84,964029.43,66603.94,0.0,0.0,0.0,0.0,0.0,1167134.28,1500000.0,0.0,0.0,0.0,168385.8,430498.83999999997,22234.93,397699.73,0.0,165564.71,93291.69,0.0,28337.0,54500.71,209090.5,39977.619999999995,0.0,0.0,0.0,224207.33000000002,0.0,251244.71,146637.4,10104.26,0.0,17450.44,0.0,99181.89,0.0,2045358.44,2895613.0599999996,-850254.6199999996
57,Жания,Премиальный клиент,Павлодар,52,2025-06,2757704,Золотые слитки,KZT,167744.87,115770.82,1018908.55,37565.39,0.0,0.0,0.0,0.0,0.0,1304216.74,1500000.0,0.0,0.0,0.0,184621.99,339475.46,34955.9,745037.06,0.0,144695.91999999998,26347.86,0.0,53395.97,60713.48,351385.39999999997,62190.79,0.0,0.0,0.0,0.0,0.0,267151.2,0.0,0.0,0.0,63163.08,0.0,103245.73,0.0,2433329.17,2991918.66,-558589.4900000002
57,Жания,Премиальный клиент,Павлодар,52,2025-07,2757704,Золотые слитки,KZT,206007.27000000002,121791.78,1000642.69,32346.03,0.0,0.0,0.0,0.0,0.0,811919.13,1500000.0,0.0,0.0,0.0,142716.49,367715.29000000004,10379.619999999999,984753.14,0.0,117315.68,83928.84,0.0,29954.690000000002,59967.07,326035.21,56736.47,0.0,0.0,0.0,0.0,0.0,289725.01,0.0,0.0,0.0,59190.020000000004,0.0,88757.87,0.0,2649270.5700000003,2440309.28,208961.2900000005
57,Жания,Премиальный клиент,Павлодар,52,2025-08,2757704,Золотые слитки,KZT,225258.30000000002,81101.70999999999,1084799.52,76702.14,0.0,0.0,0.0,0.0,0.0,1500000.0,1500000.0,0.0,0.0,0.0,187341.1,409495.0,41392.49,927562.41,0.0,118076.52,24367.07,0.0,65143.37,70109.12,387928.34,42885.25,0.0,0.0,0.0,0.0,0.0,289802.26,0.0,0.0,0.0,31509.1,0.0,114031.29,0.0,2626758.75,3299712.14,-672953.3900000001
58,Султан,Зарплатный клиент,Караганда,40,2025-06,62335,Золотые слитки,KZT,209327.58000000002,125603.35,1370925.46,44254.85,0.0,0.0,0.0,0.0,0.0,919597.54,1187697.35,0.0,0.0,0.0,221864.3,352175.96,39822.38,506005.59,0.0,164026.77,60161.03,0.0,43163.18,70734.77,153892.05,78001.48,0.0,0.0,0.0,0.0,0.0,345369.09,0.0,0.0,0.0,36091.22,0.0,87525.36,0.0,1903383.52,3028590.03,-1125206.5099999998
58,Султан,Зарплатный клиент,Караганда,40,2025-07,62335,Золотые слитки,KZT,220099.12,60705.88,1084270.26,54396.93,0.0,0.0,0.0,0.0,0.0,1500000.0,1058649.31,0.0,0.0,0.0,206363.52000000002,436796.85,39412.22,436125.9,0.0,154579.39,14521.27,0.0,73669.92,66527.42,146430.79,43891.479999999996,0.0,0.0,0.0,0.0,0.0,342994.96,0.0,0.0,0.0,52910.1,0.0,74557.8,0.0,1649290.2400000002,3382010.02,-1732719.7799999998
58,Султан,Зарплатный клиент,Караганда,40,2025-08,62335,Золотые слитки,KZT,209838.74,98052.23,981484.4,39065.02,0.0,0.0,0.0,0.0,0.0,545874.48,1500000.0,0.0,0.0,0.0,211395.28999999998,439673.01,36602.7,321042.0,0.0,187049.29,49038.57000000001,0.0,61919.12,43694.159999999996,142682.77,91004.25,0.0,0.0,0.0,0.0,0.0,240324.78,0.0,0.0,0.0,65529.27,0.0,52496.46,0.0,1994761.95,2365476.4699999997,-370714.5199999998
59,Динара,Премиальный клиент,Алматы,55,2025-06,4427461,Золотые слитки,KZT,168452.91999999998,111356.13,1056707.58,46450.479999999996,0.0,0.0,0.0,0.0,0.0,1384886.59,1500000.0,0.0,0.0,0.0,143422.69,371133.9,50349.3,708258.4,0.0,111795.62,83512.19,0.0,76488.07,55790.7,436644.45999999996,27892.93,0.0,0.0,0.0,0.0,0.0,336664.4,0.0,0.0,0.0,32267.47,0.0,62135.369999999995,0.0,2416414.31,3067946.38,-651532.0699999998
59,Динара,Премиальный клиент,Алматы,55,2025-07,4427461,Золотые слитки,KZT,258764.76,75220.42,1084455.85,59333.869999999995,0.0,0.0,0.0,0.0,0.0,1008070.38,1299777.71,0.0,0.0,0.0,197625.22,529988.03,23604.31,650545.89,0.0,142667.79,91425.97,0.0,88535.2,51914.47,249555.04,26001.97,0.0,0.0,0.0,0.0,0.0,341677.16000000003,0.0,0.0,0.0,58699.41,0.0,93682.41,0.0,2108482.2,2962807.2700000005,-854325.0700000003
59,Динара,Премиальный клиент,Алматы,55,2025-08,4427461,Золотые слитки,KZT,240929.66,87759.78,989758.59,49899.67,0.0,0.0,0.0,0.0,0.0,1215076.38,574435.01,0.0,0.0,0.0,173990.63,571937.44,38509.25,669947.56,0.0,155352.07,58257.22,0.0,97409.79000000001,57580.84,262585.45,56482.63,0.0,0.0,0.0,0.0,0.0,327955.83,0.0,0.0,0.0,30607.29,0.0,88140.79000000001,0.0,1420551.27,3106115.1099999994,-1685563.8399999994
60,Ермек,Зарплатный клиент,Кызылорда,42,2025-06,48779,Золотые слитки,KZT,288294.23,99747.94,1071282.02,21886.55,0.0,0.0,0.0,0.0,0.0,996431.57,1500000.0,0.0,0.0,0.0,168807.47,484768.68,18216.93,248319.57,0.0,157607.23,25391.800000000003,0.0,27626.31,69864.83,113463.66,74717.28,0.0,0.0,0.0,0.0,0.0,260951.62,0.0,0.0,0.0,66369.97,0.0,100142.86,0.0,1888170.99,2878896.97,-990725.9800000002
60,Ермек,Зарплатный клиент,Кызылорда,42,2025-07,48779,Золотые слитки,KZT,356274.56,85367.15,1140116.08,46541.409999999996,0.0,0.0,0.0,0.0,0.0,1204259.92,1094015.14,0.0,0.0,0.0,146701.46000000002,459950.6,23943.71,394687.31,0.0,105613.2,69599.09,0.0,61274.99,39465.58,218105.45,42103.84,0.0,0.0,0.0,0.0,0.0,244057.31,0.0,0.0,0.0,61625.01,0.0,51813.04,0.0,1644554.72,3056641.2600000002,-1412086.5400000003
60,Ермек,Зарплатный клиент,Кызылорда,42,2025-08,48779,Золотые слитки,KZT,332404.31,70099.45999999999,1078071.77,61654.11,0.0,0.0,0.0,0.0,0.0,1500000.0,851403.96,0.0,0.0,0.0,167325.02,453903.94,32736.55,350576.6,0.0,148083.81,61170.009999999995,0.0,64159.32,48576.72,217571.3,32759.129999999997,0.0,0.0,0.0,0.0,0.0,208511.3,0.0,0.0,0.0,35671.22,0.0,104790.04,0.0,1366470.6800000002,3347384.54,-1980913.8599999999
