client_code,data_source,suitability,name,status,age,city,total_spending,total_transaction_count,top_category_pct,online_services_total,online_services_count,category_diversity,has_installments,has_cc_repayments,avg_monthly_balance_KZT,avg_transaction_amount,online_services_avg,едим_дома_amount,едим_дома_count,смотрим_дома_amount,смотрим_дома_count,играем_дома_amount,играем_дома_count,top_3_categories_pct,spending_gini,existing_credit_count,existing_credit_amount,installment_payment_count,cc_repayment_count,total_outflows,outflow_count,total_inflows,flow_ratio,card_out_amount,p2p_out_amount,utilities_out_amount,days_active,activity_frequency,months_active,avg_monthly_activity,export_date,model_version
1,original,1,Айгерим,Зарплатный клиент,30.0,Алматы,7396867.29,454,8.723518142232347,0.0,0,6,0,0,0.0,16292.65922907489,0.0,0.0,0,0.0,0,0.0,0,18.097711064923004,-0.33097036914174954,0,0.0,0,0,5596233.430000001,240,0.0,0.0,3829951.7600000007,1274129.2600000002,492152.41,92,4.934782608695652,3.066666666666667,148.04347826086956,2025-09-14 01:45:13,2.0_enhanced
3,original,1,Сабина,Студент,30.0,Алматы,3530370.4999999995,431,12.831247315260539,0.0,0,6,0,0,0.0,8191.114849187934,0.0,0.0,0,0.0,0,0.0,0,26.28895720718265,-0.2882268789200628,0,0.0,0,0,2207371.9600000004,237,0.0,0.0,1315353.95,496377.32999999996,395640.68,92,4.684782608695652,3.066666666666667,140.54347826086956,2025-09-14 01:45:13,2.0_enhanced
4,original,1,Тимур,Зарплатный клиент,30.0,Караганда,6713163.98,457,9.62298808616321,0.0,0,6,0,0,0.0,14689.63671772429,0.0,0.0,0,0.0,0,0.0,0,20.13624341707202,-0.3614663713018391,0,0.0,0,0,4937664.83,240,0.0,0.0,3312986.71,1170717.8999999997,453960.2199999999,92,4.967391304347826,3.066666666666667,149.02173913043478,2025-09-14 01:45:13,2.0_enhanced
6,original,1,Аян,Стандартный клиент,30.0,Шымкент,7222230.21,446,11.334896509758305,0.0,0,6,0,0,0.0,16193.341278026906,0.0,0.0,0,0.0,0,0.0,0,21.18486264646499,-0.43107741122357535,0,0.0,0,0,5321489.94,240,0.0,0.0,3619748.1100000003,1331551.75,370190.08,92,4.8478260869565215,3.066666666666667,145.43478260869566,2025-09-14 01:45:13,2.0_enhanced
8,original,1,Мадина,Зарплатный клиент,30.0,Астана,8512863.33,430,10.035524792103057,0.0,0,6,0,0,0.0,19797.35658139535,0.0,0.0,0,0.0,0,0.0,0,18.853297977238874,-0.3594072900170069,0,0.0,0,0,6389237.1000000015,222,0.0,0.0,4048995.4,1730533.82,609707.8800000001,92,4.673913043478261,3.066666666666667,140.2173913043478,2025-09-14 01:45:13,2.0_enhanced
10,original,1,Карина,Зарплатный клиент,30.0,Усть-Каменогорск,8562187.120000001,435,10.898918429617314,0.0,0,6,0,0,0.0,19683.1887816092,0.0,0.0,0,0.0,0,0.0,0,19.281207206319497,-0.418779826620763,0,0.0,0,0,6497672.32,222,0.0,0.0,4160053.26,1774833.0899999999,562785.97,92,4.728260869565218,3.066666666666667,141.8478260869565,2025-09-14 01:45:13,2.0_enhanced
12,original,1,Жанар,Зарплатный клиент,30.0,Костанай,7743215.9399999995,420,8.651628925125909,0.0,0,6,0,0,0.0,18436.228428571427,0.0,0.0,0,0.0,0,0.0,0,17.79330707907392,-0.3488820733065392,0,0.0,0,0,5931563.46,222,0.0,0.0,3643053.01,1783809.85,504700.6,92,4.565217391304348,3.066666666666667,136.95652173913044,2025-09-14 01:45:13,2.0_enhanced
13,original,1,Алина,Студент,30.0,Алматы,6328808.55,474,7.322761564655009,0.0,0,6,0,0,0.0,13351.916772151899,0.0,0.0,0,0.0,0,0.0,0,15.659966519290586,-0.27134979701122014,0,0.0,0,0,4906807.129999999,237,0.0,0.0,1070652.0399999998,513285.94,439869.54999999993,92,5.1521739130434785,3.066666666666667,154.56521739130434,2025-09-14 01:45:13,2.0_enhanced
14,original,1,Диас,Зарплатный клиент,30.0,Астана,8905786.41,494,7.558915282811054,0.0,0,6,0,0,0.0,18027.90771255061,0.0,0.0,0,0.0,0,0.0,0,14.513229494799887,-0.260891556286919,0,0.0,0,0,7013891.95,240,0.0,0.0,2663570.0600000005,1238723.4899999998,407106.45,92,5.369565217391305,3.066666666666667,161.08695652173913,2025-09-14 01:45:13,2.0_enhanced
15,original,1,Нурия,Стандартный клиент,30.0,Шымкент,9056570.3,483,8.43302226671834,0.0,0,6,0,0,0.0,18750.663146997933,0.0,0.0,0,0.0,0,0.0,0,15.480992070475066,-0.350150237012671,0,0.0,0,0,7168494.73,240,0.0,0.0,2761539.5599999996,1269938.8800000004,441343.87,92,5.25,3.066666666666667,157.5,2025-09-14 01:45:13,2.0_enhanced
16,original,1,Ерасыл,Студент,30.0,Караганда,5783381.25,469,6.415309556152812,0.0,0,6,0,0,0.0,12331.303304904051,0.0,0.0,0,0.0,0,0.0,0,16.171783936948646,-0.26888250413028497,0,0.0,0,0,4474890.12,237,0.0,0.0,1033918.1100000001,562921.96,437171.00999999995,92,5.0978260869565215,3.066666666666667,152.93478260869566,2025-09-14 01:45:13,2.0_enhanced
17,original,1,Жанель,Зарплатный клиент,30.0,Тараз,8640205.66,478,7.197479486848233,0.0,0,6,0,0,0.0,18075.744058577406,0.0,0.0,0,0.0,0,0.0,0,14.888271999766264,-0.28780449990008145,0,0.0,0,0,6828447.949999999,240,0.0,0.0,2555439.7800000003,1180852.2399999998,420024.67999999993,92,5.195652173913044,3.066666666666667,155.86956521739128,2025-09-14 01:45:13,2.0_enhanced
18,original,1,Санжар,Стандартный клиент,30.0,Кызылорда,8759530.02,482,10.739911135095351,0.0,0,6,0,0,0.0,18173.298796680498,0.0,0.0,0,0.0,0,0.0,0,18.3219328700925,-0.39497045237191725,0,0.0,0,0,6698304.22,240,0.0,0.0,2548747.7300000004,1277107.08,437156.91000000003,92,5.239130434782608,3.066666666666667,157.17391304347825,2025-09-14 01:45:13,2.0_enhanced
19,original,1,Азамат,Зарплатный клиент,30.0,Алматы,6389837.460000001,415,11.3149577673295,0.0,0,6,0,0,0.0,15397.198698795182,0.0,0.0,0,0.0,0,0.0,0,21.832200251303412,-0.3386327133346221,0,0.0,0,0,4495791.05,195,0.0,0.0,2669438.93,1339371.59,486980.5300000001,92,4.510869565217392,3.066666666666667,135.32608695652172,2025-09-14 01:45:13,2.0_enhanced
20,original,1,Анель,Стандартный клиент,30.0,Астана,5706667.89,404,11.42656332152527,0.0,0,6,0,0,0.0,14125.41556930693,0.0,0.0,0,0.0,0,0.0,0,23.63341491036024,-0.3713231271578869,0,0.0,0,0,3947858.88,195,0.0,0.0,2456934.2,1114628.8099999998,376295.87,92,4.391304347826087,3.066666666666667,131.7391304347826,2025-09-14 01:45:13,2.0_enhanced
22,original,1,Аружан,Зарплатный клиент,30.0,Шымкент,5934654.76,398,12.494524786813379,0.0,0,6,0,0,0.0,14911.192864321607,0.0,0.0,0,0.0,0,0.0,0,23.597221685731217,-0.390792774963504,0,0.0,0,0,4126838.840000001,195,0.0,0.0,2359595.38,1292588.4,474655.06,92,4.326086956521739,3.066666666666667,129.78260869565216,2025-09-14 01:45:13,2.0_enhanced
23,original,1,Темирлан,Стандартный клиент,30.0,Павлодар,5841664.08,408,12.962561688415333,0.0,0,6,0,0,0.0,14317.80411764706,0.0,0.0,0,0.0,0,0.0,0,24.897588257077597,-0.38541889283390685,0,0.0,0,0,3960534.8200000003,195,0.0,0.0,2390023.79,1134295.08,436215.95,92,4.434782608695652,3.066666666666667,133.04347826086956,2025-09-14 01:45:13,2.0_enhanced
24,original,1,Гульмира,Зарплатный клиент,30.0,Усть-Каменогорск,6315659.13,416,13.92814007047274,0.0,0,6,0,0,0.0,15181.872908653846,0.0,0.0,0,0.0,0,0.0,0,25.61629446268105,-0.40528422262346603,0,0.0,0,0,4243574.78,195,0.0,0.0,2416367.71,1367339.8199999998,459867.25000000006,92,4.521739130434782,3.066666666666667,135.65217391304347,2025-09-14 01:45:13,2.0_enhanced
25,original,1,Адиль,Зарплатный клиент,30.0,Алматы,6803834.42,447,9.940396962217667,0.0,0,6,0,0,0.0,15221.106085011186,0.0,0.0,0,0.0,0,0.0,0,19.492981723679282,-0.3324630144195793,0,0.0,0,0,5011562.29,234,0.0,0.0,3184520.92,1293709.27,533332.1,92,4.858695652173913,3.066666666666667,145.76086956521738,2025-09-14 01:45:13,2.0_enhanced
26,original,1,Маржан,Стандартный клиент,30.0,Астана,6975380.36,435,9.179481360927534,0.0,0,6,0,0,0.0,16035.357149425288,0.0,0.0,0,0.0,0,0.0,0,18.641424021212803,-0.32122096856104826,0,0.0,0,0,5194316.1,234,0.0,0.0,3398769.4899999998,1302506.2799999998,493040.32999999996,91,4.78021978021978,3.033333333333333,143.4065934065934,2025-09-14 01:45:13,2.0_enhanced
27,original,1,Нурсултан,Зарплатный клиент,30.0,Караганда,6820719.620000001,446,10.482919102896652,0.0,0,6,0,0,0.0,15293.093318385652,0.0,0.0,0,0.0,0,0.0,0,21.319003580446253,-0.41936923980123186,0,0.0,0,0,5020908.32,234,0.0,0.0,3359394.3099999996,1243241.17,418272.8399999999,92,4.8478260869565215,3.066666666666667,145.43478260869566,2025-09-14 01:45:13,2.0_enhanced
28,original,1,Алтынай,Стандартный клиент,30.0,Кызылорда,6801663.700000001,438,9.852308928475836,0.0,0,6,0,0,0.0,15528.912557077629,0.0,0.0,0,0.0,0,0.0,0,19.119742718241124,-0.3583230821210357,0,0.0,0,0,5073973.7299999995,234,0.0,0.0,3171852.34,1414282.2099999997,487839.18,91,4.813186813186813,3.033333333333333,144.3956043956044,2025-09-14 01:45:13,2.0_enhanced
29,original,1,Сая,Зарплатный клиент,30.0,Тараз,6968700.879999999,451,12.860573375621772,0.0,0,6,0,0,0.0,15451.664922394677,0.0,0.0,0,0.0,0,0.0,0,22.640240945454387,-0.41915382910810184,0,0.0,0,0,4975963.46,234,0.0,0.0,3244228.03,1282776.6099999999,448958.82000000007,92,4.9021739130434785,3.066666666666667,147.06521739130434,2025-09-14 01:45:13,2.0_enhanced
30,original,1,Ербол,Стандартный клиент,30.0,Павлодар,7020346.75,442,12.672000567493335,0.0,0,6,0,0,0.0,15883.137443438914,0.0,0.0,0,0.0,0,0.0,0,22.95953088072181,-0.42097336489241854,0,0.0,0,0,4994905.709999999,234,0.0,0.0,3345691.5600000005,1226662.6700000002,422551.48000000004,92,4.804347826086956,3.066666666666667,144.1304347826087,2025-09-14 01:45:13,2.0_enhanced
31,original,1,Дамир,Зарплатный клиент,30.0,Алматы,7430475.99,459,8.910496324744871,0.0,0,6,0,0,0.0,16188.400849673204,0.0,0.0,0,0.0,0,0.0,0,19.359599868648523,-0.33114825358942834,0,0.0,0,0,5517647.25,240,0.0,0.0,3555545.1099999994,1475665.1800000002,486436.96,92,4.989130434782608,3.066666666666667,149.67391304347825,2025-09-14 01:45:13,2.0_enhanced
33,original,1,Мерей,Зарплатный клиент,30.0,Шымкент,7399327.38,469,12.212841432622218,0.0,0,6,0,0,0.0,15776.817441364605,0.0,0.0,0,0.0,0,0.0,0,21.59291038153795,-0.37942259742334894,0,0.0,0,0,5296231.35,240,0.0,0.0,3552967.42,1335090.62,408173.31000000006,92,5.0978260869565215,3.066666666666667,152.93478260869566,2025-09-14 01:45:13,2.0_enhanced
34,original,0,Unknown,Standard,30.0,Unknown,5230065.8100000005,240,0.0,0.0,0,0,0,0,0.0,21791.940875000004,0.0,0.0,0,0.0,0,0.0,0,0.0,0.0,0,0.0,0,0,5230065.8100000005,240,0.0,0.0,3370851.43,1490808.36,368406.02,91,2.6373626373626373,3.033333333333333,79.12087912087912,2025-09-14 01:45:13,2.0_enhanced
36,original,1,Назым,Зарплатный клиент,30.0,Усть-Каменогорск,6917511.71,458,10.464092297141917,0.0,0,6,0,0,0.0,15103.737358078602,0.0,0.0,0,0.0,0,0.0,0,19.046461722577988,-0.34900163066830786,0,0.0,0,0,5129890.859999999,240,0.0,0.0,3472031.1500000004,1160602.9600000002,497256.74999999994,92,4.978260869565218,3.066666666666667,149.3478260869565,2025-09-14 01:45:13,2.0_enhanced
37,original,1,Гульнар,Зарплатный клиент,30.0,Алматы,6871964.46,464,12.461605338395477,0.0,0,6,0,0,0.0,14810.26823275862,0.0,0.0,0,0.0,0,0.0,0,21.80125433885029,-0.4057352045092433,0,0.0,0,0,4948716.1,240,0.0,0.0,3311857.5299999993,1154446.99,482411.57999999996,92,5.043478260869565,3.066666666666667,151.30434782608694,2025-09-14 01:45:13,2.0_enhanced
39,original,1,Ляззат,Зарплатный клиент,30.0,Костанай,6910701.6,450,9.610964102400256,0.0,0,6,0,0,0.0,15357.114666666666,0.0,0.0,0,0.0,0,0.0,0,20.31026965482058,-0.4138119408587819,0,0.0,0,0,5161949.880000001,240,0.0,0.0,3523904.7,1226044.41,412000.77,92,4.891304347826087,3.066666666666667,146.7391304347826,2025-09-14 01:45:13,2.0_enhanced
40,original,1,Асхат,Стандартный клиент,30.0,Павлодар,6921726.970000001,461,12.908462351556752,0.0,0,6,0,0,0.0,15014.592125813451,0.0,0.0,0,0.0,0,0.0,0,24.55084861574654,-0.4561632861470197,0,0.0,0,0,4885450.78,240,0.0,0.0,3308982.3400000003,1185247.36,391221.07999999996,91,5.065934065934066,3.033333333333333,151.97802197802199,2025-09-14 01:45:13,2.0_enhanced
41,original,1,Сандугаш,Зарплатный клиент,30.0,Шымкент,7253978.1899999995,446,11.751863014630873,0.0,0,6,0,0,0.0,16264.525089686098,0.0,0.0,0,0.0,0,0.0,0,21.102766784028614,-0.425840347312391,0,0.0,0,0,5334430.59,240,0.0,0.0,3601569.2600000002,1275292.21,457569.1200000001,92,4.8478260869565215,3.066666666666667,145.43478260869566,2025-09-14 01:45:13,2.0_enhanced
43,original,1,Нуртас,Зарплатный клиент,30.0,Астана,6546004.42,442,13.004916974987315,0.0,0,6,0,0,0.0,14809.964751131221,0.0,0.0,0,0.0,0,0.0,0,22.238293875151403,-0.37928846155060053,0,0.0,0,0,4623825.98,222,0.0,0.0,2953786.99,1266874.73,403164.25999999995,92,4.804347826086956,3.066666666666667,144.1304347826087,2025-09-14 01:45:13,2.0_enhanced
44,original,1,Айнагуль,Стандартный клиент,30.0,Алматы,6764818.57,440,12.311404827520747,0.0,0,6,0,0,0.0,15374.58765909091,0.0,0.0,0,0.0,0,0.0,0,21.57100334473567,-0.43124827640387914,0,0.0,0,0,4936337.719999999,222,0.0,0.0,3191196.7100000004,1309536.51,435604.5,92,4.782608695652174,3.066666666666667,143.47826086956522,2025-09-14 01:45:13,2.0_enhanced
45,original,0,Unknown,Standard,30.0,Unknown,4736387.02,222,0.0,0.0,0,0,0,0,0.0,21335.076666666664,0.0,0.0,0,0.0,0,0.0,0,0.0,0.0,0,0.0,0,0,4736387.02,222,0.0,0.0,3115866.12,1199565.89,420955.01,92,2.4130434782608696,3.066666666666667,72.39130434782608,2025-09-14 01:45:13,2.0_enhanced
46,original,1,Арсен,Стандартный клиент,30.0,Кызылорда,6750017.02,448,12.226969762514763,0.0,0,6,0,0,0.0,15067.002276785714,0.0,0.0,0,0.0,0,0.0,0,21.992356546680234,-0.38604166764895503,0,0.0,0,0,4805153.91,222,0.0,0.0,2988054.18,1318812.81,498286.92000000004,92,4.869565217391305,3.066666666666667,146.08695652173913,2025-09-14 01:45:13,2.0_enhanced
47,original,1,Камшат,Зарплатный клиент,30.0,Тараз,6603136.240000001,437,13.568772132437475,0.0,0,6,0,0,0.0,15110.15157894737,0.0,0.0,0,0.0,0,0.0,0,22.735185000514235,-0.4152263941462279,0,0.0,0,0,4686537.73,222,0.0,0.0,3100597.91,1177669.54,408270.27999999997,92,4.75,3.066666666666667,142.5,2025-09-14 01:45:13,2.0_enhanced
48,original,1,Ержан,Стандартный клиент,30.0,Павлодар,6777740.84,440,9.812865609656447,0.0,0,6,0,0,0.0,15403.956454545454,0.0,0.0,0,0.0,0,0.0,0,20.091520643034798,-0.34769577410037505,0,0.0,0,0,4973455.359999999,222,0.0,0.0,3430836.59,1194175.74,348443.03,92,4.782608695652174,3.066666666666667,143.47826086956522,2025-09-14 01:45:13,2.0_enhanced
49,original,1,Амина,Зарплатный клиент,30.0,Алматы,6322514.82,415,12.571610547842099,0.0,0,6,0,0,0.0,15234.975469879519,0.0,0.0,0,0.0,0,0.0,0,25.048728790484663,-0.4607063741364434,0,0.0,0,0,4435998.41,210,0.0,0.0,2800717.96,1215356.1299999997,419924.31999999995,92,4.510869565217392,3.066666666666667,135.32608695652172,2025-09-14 01:45:13,2.0_enhanced
51,original,1,Жанат,Зарплатный клиент,30.0,Шымкент,6367892.99,435,11.218908689607234,0.0,0,6,0,0,0.0,14638.834459770116,0.0,0.0,0,0.0,0,0.0,0,21.375445883552764,-0.3045114267251394,0,0.0,0,0,4446468.75,210,0.0,0.0,2781473.8099999996,1150333.0500000003,514661.8900000001,91,4.78021978021978,3.033333333333333,143.4065934065934,2025-09-14 01:45:13,2.0_enhanced
53,original,1,Расул,Зарплатный клиент,30.0,Караганда,6571141.36,436,11.040399837023138,0.0,0,6,0,0,0.0,15071.42513761468,0.0,0.0,0,0.0,0,0.0,0,22.539114270401267,-0.3678703739487726,0,0.0,0,0,4651186.76,210,0.0,0.0,2965458.38,1247900.07,437828.31,92,4.739130434782608,3.066666666666667,142.17391304347825,2025-09-14 01:45:13,2.0_enhanced
56,original,1,Нуркен,Зарплатный клиент,30.0,Астана,6979301.470000001,466,11.838070809112075,0.0,0,6,0,0,0.0,14977.04178111588,0.0,0.0,0,0.0,0,0.0,0,22.30374166657111,-0.37503385346921014,0,0.0,0,0,4942324.119999999,234,0.0,0.0,3099039.24,1350424.2999999998,492860.58,92,5.065217391304348,3.066666666666667,151.95652173913044,2025-09-14 01:45:13,2.0_enhanced
58,original,1,Султан,Зарплатный клиент,30.0,Караганда,7180635.86,455,12.933239452696602,0.0,0,6,0,0,0.0,15781.617274725275,0.0,0.0,0,0.0,0,0.0,0,21.622747905225207,-0.4057471125040382,0,0.0,0,0,5170981.39,234,0.0,0.0,3436680.12,1228645.82,505655.45,92,4.945652173913044,3.066666666666667,148.36956521739128,2025-09-14 01:45:13,2.0_enhanced
60,original,1,Ермек,Зарплатный клиент,30.0,Кызылорда,6992852.82,455,10.203564244327968,0.0,0,6,0,0,0.0,15368.907296703297,0.0,0.0,0,0.0,0,0.0,0,20.396923497669153,-0.35094528416931503,0,0.0,0,0,5099397.33,234,0.0,0.0,3289469.8699999996,1398623.22,411304.24,92,4.945652173913044,3.066666666666667,148.36956521739128,2025-09-14 01:45:13,2.0_enhanced
SYNTH_S_001,synthetic,1,Арман Мамбетов,Зарплатный клиент,28.0,Павлодар,18619835.8246236,688,18.16724442028134,129316.7532883975,43,9,1,0,306126.6683457787,27063.71486137151,3007.3663555441276,76949.32110366247,8,21160.434856100073,10,4782.261527093421,1,28.104406184204905,-0.10083439691899015,0,273540.4169265005,6,1,13033885.077236518,396,3361661.6751602385,3.8772150016004328,4633659.863102471,816628.2182758732,377643.56726731465,92,7.478260869565218,3.067,224.3234431040104,2025-09-14 01:45:13,2.0_enhanced
SYNTH_S_002,synthetic,1,Ерлан Алматова,обычный,37.0,Павлодар,19966455.324528933,562,20.211359896218404,112088.765420412,36,11,0,0,259121.3151885966,35527.50057745362,3113.5768172336666,11119.519546262136,2,46855.92223753239,0,517.1555916555626,3,57.37894095475223,-0.033232215338514504,2,210317.14380560807,0,4,13976518.727170251,241,4546387.99423329,3.0742028055894672,4219885.090968401,1007679.557189307,362847.02807923534,92,6.108695652173913,3.067,183.2409520704271,2025-09-14 01:45:13,2.0_enhanced
SYNTH_S_003,synthetic,1,Арман Касымова,вип,29.0,Астана,17869006.14182276,522,16.84762532339225,145906.52594584267,46,12,0,1,219493.6842496602,34231.81253222751,3171.8809988226667,68926.33779013525,9,6128.65939371538,10,16122.259039022732,5,44.34873784386371,-0.4568909544620596,0,108792.52736438444,15,15,12508304.299275931,389,3006407.3182363836,4.1605487797353895,2147408.870066362,1063138.7176111327,736262.8428568784,92,5.673913043478261,3.067,170.19889142484513,2025-09-14 01:45:13,2.0_enhanced
SYNTH_S_004,synthetic,1,Ерлан Даулетова,Зарплатный клиент,63.0,Алматы,18594917.1994962,570,38.85860815118466,279606.5415422261,36,11,1,0,451019.8858722287,32622.661753502103,7766.848376172948,17421.692659469536,8,32662.1936337985,7,9711.420290226148,2,51.46722520453116,-0.23598022951423858,3,413883.6149725903,13,2,13016442.039647339,366,3438897.097513529,3.785062963663201,4428188.982129455,928408.3651663522,353671.6401857434,92,6.195652173913044,3.067,185.84936419954352,2025-09-14 01:45:13,2.0_enhanced
SYNTH_S_005,synthetic,1,Олжас Мамбетов,вип,60.0,Усть-Каменогорск,15546224.237978226,507,20.12970703945328,117713.85321446147,41,11,0,1,55066.850019342375,30663.164177471845,2871.0695905966213,61430.79605782835,15,19365.17579019744,8,23008.038243779618,4,58.2225413289748,0.041673036572633326,0,21544.703950038656,19,14,10882356.966584757,223,4326184.910239,2.5154627442828286,4434603.384230318,1223029.9208942298,716311.7483693535,92,5.510869565217392,3.067,165.30811868275185,2025-09-14 01:45:13,2.0_enhanced
SYNTH_S_006,synthetic,1,Олжас Даулетова,обычный,58.0,Астана,13885977.120576322,563,37.6725014116154,104510.90028993816,24,11,0,1,433338.262960328,24664.257763013007,4354.62084541409,90489.12585547188,17,19789.86006055618,2,20074.334723395863,3,30.40272434169787,-0.0066676113163254835,0,277147.88028968096,7,12,9720183.984403424,311,1854149.7900786924,5.242394134721385,4999840.94858782,1378538.853328377,484561.7143511024,92,6.119565217391305,3.067,183.56700358656667,2025-09-14 01:45:13,2.0_enhanced
SYNTH_S_007,synthetic,1,Жанель Касымова,Зарплатный клиент,62.0,Шымкент,13467016.944544686,720,25.877109065622143,117384.91025762128,48,12,0,1,188573.6283743357,18704.190200756508,2445.5189637004432,50002.17326993005,6,11516.321770710374,3,15808.737245578977,0,49.70609907873088,-0.4033718076113489,0,438952.89743963385,12,6,9426911.86118128,244,3460109.112784725,2.72445508332378,4414279.181768073,554989.0441601919,793521.0536119558,92,7.826086956521739,3.067,234.75709162047602,2025-09-14 01:45:13,2.0_enhanced
SYNTH_S_008,synthetic,1,Дария Алматова,вип,23.0,Шымкент,15806965.859767549,500,29.285673859102324,118051.86239345786,25,10,0,0,180669.36594716855,31613.931719535096,4722.074495738315,54875.696737311766,9,388.0154575488182,7,11815.515366328951,0,40.60193980113708,-0.33762064707696937,1,383517.34206359024,8,6,11064876.101837283,244,2798220.5108733326,3.9542545195567533,3892875.2558794166,751189.6043754258,702177.1689892218,92,5.434782608695652,3.067,163.025758069775,2025-09-14 01:45:13,2.0_enhanced
SYNTH_S_009,synthetic,1,Камила Валиева,зп,56.0,Астана,14516235.015014067,568,33.10190526756101,103155.73364025334,42,11,0,1,333776.2935217219,25556.751786996596,2456.088896196508,75781.24060503935,12,24433.688558193877,2,26278.19532467054,0,58.00020343293472,-0.38450401469312606,0,182823.72754652493,9,3,10161364.510509847,394,4111239.5017876276,2.471606070648897,2776412.5175108504,1472172.0657902637,673898.6663319151,92,6.173913043478261,3.067,185.19726116726443,2025-09-14 01:45:13,2.0_enhanced
SYNTH_S_010,synthetic,1,Камила Алматова,зп,44.0,Караганда,16323791.064436745,530,33.072030451926146,143567.41586298012,50,8,1,0,442696.042877026,30799.60578195612,2871.3483172596025,70257.7901020593,14,5652.730239450554,1,26282.650306425727,3,43.23217887079719,-0.17877953999036017,3,498519.8216924999,7,13,11426653.745105721,211,1928310.3408096312,5.92573379049975,4200518.6561807655,1942799.9927408218,768464.082765472,92,5.760869565217392,3.067,172.8073035539615,2025-09-14 01:45:13,2.0_enhanced
SYNTH_S_011,synthetic,1,Дария Валиева,студент,40.0,Тараз,17282803.270707503,727,38.02488079066829,102069.46333716792,41,9,1,0,148743.1068914876,23772.769285704955,2489.4991057845837,89409.82775789828,0,45965.68366963183,7,28953.80318369339,0,28.086123863475834,0.1591572846897379,2,123867.40552599813,11,11,12097962.289495252,393,2067688.5915187856,5.850959539612732,2845237.5649032537,1866177.855646934,424915.35082129267,92,7.9021739130434785,3.067,237.03945223345286,2025-09-14 01:45:13,2.0_enhanced
SYNTH_S_012,synthetic,1,Дария Жакупов,Зарплатный клиент,34.0,Павлодар,15063149.542642364,518,18.719568317242413,201385.59179263274,26,10,0,0,442363.72418159596,29079.439271510357,7745.599684332028,78918.61027883658,7,1673.5847780415259,5,29788.141405980707,2,29.65084994009593,-0.21281292338657382,1,309042.1094143472,3,1,10544204.679849654,242,2385208.11041163,4.420664441741302,3261832.4135994827,711287.8743923276,428238.7599619213,92,5.630434782608695,3.067,168.89468536028693,2025-09-14 01:45:13,2.0_enhanced
SYNTH_S_013,synthetic,1,Дария Даулетова,Стандартный клиент,50.0,Алматы,15716381.1352721,734,31.519757810033838,165163.21940382567,25,8,1,1,384106.1476397568,21411.96339955327,6606.528776153027,15773.53475861516,16,15871.380540255876,7,19058.72467665987,5,26.201848828783035,0.06654035104496736,0,200994.60270112279,14,6,11001466.79469047,224,2081661.4792059648,5.284945177006831,3617771.5803194167,1907441.0264806137,558231.5193869679,92,7.978260869565218,3.067,239.32181284642974,2025-09-14 01:45:13,2.0_enhanced
SYNTH_S_014,synthetic,1,Дария Габдулин,Стандартный клиент,59.0,Усть-Каменогорск,19172378.978462543,751,25.407839609694854,145169.9495052993,43,9,1,1,354997.022618153,25529.133127113906,3376.0453373325417,676.3563293302522,14,39415.87407398381,4,15122.039082013618,5,42.037620501576455,-0.4962629279816584,0,71425.85099045046,7,8,13420665.284923779,341,4390361.814343132,3.056847214978733,3045012.834103717,1096225.9290363477,704658.8234966367,92,8.16304347826087,3.067,244.86468862080207,2025-09-14 01:45:13,2.0_enhanced
SYNTH_S_015,synthetic,1,Арман Валиева,обычный,29.0,Шымкент,15327535.939365596,509,36.16364443152425,283173.4791906191,30,8,0,1,466690.0720569523,30113.037208969738,9439.115973020636,43882.2531629333,19,16158.040583591255,1,26658.68866276327,0,37.03808489144024,-0.12244120787248397,1,253744.91735069142,6,7,10729275.157555915,209,1872655.714425039,5.729443524994194,3852048.349293787,1358909.0733644725,571659.7762841352,92,5.532608695652174,3.067,165.96022171503097,2025-09-14 01:45:13,2.0_enhanced
SYNTH_S_016,synthetic,1,Олжас Даулетова,обычный,61.0,Актобе,14080569.05319516,699,39.649453016098576,143384.6992389253,26,10,0,0,473949.3453244414,20143.875612582488,5514.79612457405,98590.82363485469,10,12635.672140525156,7,14424.693178367435,5,26.214277746148216,0.09061348588124485,0,408794.01079025544,0,1,9856398.337236611,367,1654525.2237062082,5.95723667189422,2407784.2489838963,1225447.6758257523,676275.3631320258,92,7.5978260869565215,3.067,227.91000978154548,2025-09-14 01:45:13,2.0_enhanced
SYNTH_S_017,synthetic,1,Рауан Габдулин,студент,60.0,Тараз,17672253.885597326,612,24.86402700167936,201186.17917649564,44,11,0,1,343924.71812007483,28876.231839211316,4572.413163102174,17587.3810725378,0,42159.98394450803,9,10614.672449965894,4,25.09029648691673,0.17136982574327841,2,14150.258824335848,20,7,12370577.719918128,269,3894558.5049550026,3.1763748584542206,4622443.2200396,1074562.6859950162,405038.8812770846,92,6.6521739130434785,3.067,199.5435278774046,2025-09-14 01:45:13,2.0_enhanced
SYNTH_S_018,synthetic,1,Арман Бектемиров,Стандартный клиент,54.0,Караганда,18096725.7910275,710,35.88649489592089,286519.9603067208,17,8,1,1,72890.32925256844,25488.346184545775,16854.115312160047,95709.60269842639,19,14965.409747156355,10,16174.698593025634,4,36.79013626426223,-0.4523854921266205,0,192099.57770934404,10,7,12667708.05371925,250,3439314.3019025084,3.6832074482730226,2454953.525252332,543158.892954353,621649.7872178853,92,7.717391304347826,3.067,231.49657645908053,2025-09-14 01:45:13,2.0_enhanced
SYNTH_S_019,synthetic,1,Камила Алматова,студент,64.0,Усть-Каменогорск,13393990.297291627,712,16.47543410277179,176509.68154092284,19,8,0,0,218353.8910917565,18811.784125409587,9289.98323899594,98506.31940410419,7,5362.755738669667,10,8928.082819901892,4,33.014547310991986,-0.10369157530235856,1,431991.4742727741,5,0,9375793.20810414,245,2927903.6785263433,3.202220509119724,4038111.234957984,579147.451893094,348955.0611332165,92,7.739130434782608,3.067,232.14867949135962,2025-09-14 01:45:13,2.0_enhanced
SYNTH_S_020,synthetic,1,Рауан Мамбетов,Зарплатный клиент,46.0,Астана,19001790.96113661,675,16.444275575298455,273618.32109572267,39,11,1,1,461272.2421357909,28150.801423906087,7015.854387069812,95166.0981281897,2,20886.65329760103,3,5620.005448683165,4,42.23277651857462,0.032591125551568845,2,396794.4029620476,18,12,13301253.672795625,235,2413727.77724381,5.510668517882358,2102664.9053988974,1927068.2861113814,407969.1241717,92,7.336956521739131,3.067,220.08477339419628,2025-09-14 01:45:13,2.0_enhanced
SYNTH_N_001,synthetic,1,Камила Касымова,Зарплатный клиент,63.0,Астана,3836950.3287110142,273,7.676872771356858,3435.36242379098,1,3,0,0,95155.56306826287,14054.763108831554,3435.36242379098,8222.994761890877,3,2293.794769670185,0,1129.799024204264,0,14.798866437335333,0.4347899324313425,0,0.0,0,0,2685865.2300977097,133,2212286.9950278397,1.2140672689096157,1586140.2647836413,563830.55026367,161817.84170730718,92,2.967391304347826,3.067,89.01206390609715,2025-09-14 01:45:13,2.0_enhanced
SYNTH_N_002,synthetic,1,Назгуль Даулетова,вип,19.0,Актобе,4809198.237897236,268,13.25179232566367,4437.307437792586,4,5,0,0,253085.86721301882,17944.76954439267,1109.3268594481465,34.37863759753079,2,4542.275325071427,2,765.7676042222779,0,21.98029781407963,0.3120333469157654,0,0.0,0,0,3366438.766528065,125,1748195.0486814985,1.9256654279321164,1845697.6497406834,339087.0845290639,258911.12243355397,92,2.9130434782608696,3.067,87.38180632539941,2025-09-14 01:45:13,2.0_enhanced
SYNTH_N_003,synthetic,1,Рауан Алматова,зп,33.0,Караганда,4497294.61542277,256,6.659555294965448,14631.500999975551,2,4,0,0,344874.4421600993,17567.557091495197,7315.750499987776,1986.7696875350605,1,2290.955047767998,0,952.4653181226383,1,15.326944144171119,0.017767466569403256,0,0.0,0,0,3148106.230795939,94,1368045.2594505132,2.301171111882952,1131654.2011808865,402696.7258019707,350569.78734606795,92,2.782608695652174,3.067,83.4691881317248,2025-09-14 01:45:13,2.0_enhanced
SYNTH_N_004,synthetic,1,Ерлан Алматова,Стандартный клиент,22.0,Астана,4207427.743529642,243,13.179983117762436,4221.243465481517,3,6,0,0,322490.06906476297,17314.517463084947,1407.0811551605057,2469.221874507934,2,4898.916715421636,0,2087.338497557086,0,12.485599217929234,0.016197018253551576,0,0.0,0,0,2945199.420470749,132,2820664.7950100866,1.0441508064627074,1519740.6131444422,548587.1795993071,122162.88358932368,92,2.641304347826087,3.067,79.23051842191066,2025-09-14 01:45:13,2.0_enhanced
SYNTH_N_005,synthetic,1,Мират Жакупов,зп,61.0,Караганда,6472696.964295715,190,8.322891035347682,1951.841955139768,3,7,0,0,323465.2884536823,34066.826127872184,650.6139850465894,842.2280690809114,2,4096.229677307689,0,1039.465379352135,1,17.556790043538776,0.1628750429743155,0,0.0,0,0,4530887.875007,133,2023168.7711771769,2.239500697893192,2547003.3181362282,657338.5989533245,151312.2135472166,92,2.0652173913043477,3.067,61.94978806651451,2025-09-14 01:45:13,2.0_enhanced
SYNTH_N_006,synthetic,0,Дария Жакупов,Стандартный клиент,18.0,Шымкент,3945728.266175991,160,0.23698531590378658,7817.374254116871,1,5,0,0,356917.210277868,24660.801663599945,7817.374254116871,3018.772246485334,2,4941.287622017528,2,2201.6861167196207,0,9.04822930965629,0.35037816032839836,0,0.0,0,0,2762009.7863231935,86,1722410.4464718055,1.6035723610367718,1371945.8675310817,761064.8935048983,369878.11149606854,92,1.7391304347826086,3.067,52.168242582328006,2025-09-14 01:45:13,2.0_enhanced
SYNTH_N_007,synthetic,0,Рауан Жакупов,вип,44.0,Алматы,6519012.58562508,248,3.032061836151728,77.93382116501712,4,6,0,0,158507.7065445914,26286.341071068873,19.48345529125428,3378.6705571894117,0,2604.148752490624,2,2356.322124185268,0,15.190679891684548,0.43862967721487317,0,0.0,0,0,4563308.809937556,131,3951768.0840301733,1.1547511678073246,2206982.6917596655,714606.9219141942,173191.62043661135,92,2.6956521739130435,3.067,80.8607760026084,2025-09-14 01:45:13,2.0_enhanced
SYNTH_N_008,synthetic,1,Рауан Мамбетов,студент,28.0,Шымкент,6658186.11224612,196,12.14396873478343,5226.597371382729,3,6,0,0,260486.95865675426,33970.33730737816,1742.199123794243,257.5031792966942,2,3751.798555190565,0,455.1383900101996,1,23.678031523533022,0.4515975655280014,0,0.0,0,0,4660730.278572284,116,4045204.168616907,1.1521619390019147,1766015.6804515356,452175.46281471726,304135.9525176618,92,2.130434782608696,3.067,63.90609716335181,2025-09-14 01:45:13,2.0_enhanced
SYNTH_N_009,synthetic,1,Арман Даулетова,студент,23.0,Павлодар,3519701.3730014903,195,9.525943217197126,16524.345938388757,4,5,0,0,291657.47883922927,18049.750630776874,4131.086484597189,6982.330433813563,3,4752.313127055274,0,1556.2995514736588,1,8.529779657941129,0.19032864836809577,0,0.0,0,0,2463790.961101043,52,656339.6296553419,3.7538354379040513,1513950.3424401067,602651.0380595278,311385.59930946695,92,2.119565217391304,3.067,63.58004564721226,2025-09-14 01:45:13,2.0_enhanced
SYNTH_N_010,synthetic,1,Арман Касымова,обычный,43.0,Усть-Каменогорск,3917457.1573876645,224,13.301900199930829,7716.806652894675,3,8,0,0,100681.96078991042,17488.648024052072,2572.2688842982247,4097.138008482441,2,3981.216892334416,0,1177.0084244768275,0,27.86560550932965,0.08730412999567366,0,0.0,0,0,2742220.010171365,71,1580761.3946065072,1.7347463187851797,2264568.0022564586,730734.5172577276,197911.7988830061,92,2.4347826086956523,3.067,73.03553961525921,2025-09-14 01:45:13,2.0_enhanced
SYNTH_N_011,synthetic,0,Камила Жакупов,обычный,34.0,Караганда,4792747.683118085,232,4.752390599888093,12939.255245299866,5,7,0,0,244715.09957408305,20658.395185853817,2587.8510490599733,2690.4339167945536,1,2480.497285270999,2,1035.8008489345223,1,28.137468548382135,0.21723743258769296,0,0.0,0,0,3354923.3781826594,101,1216122.4714326342,2.758705193754412,2220363.6766914134,457284.6363176801,191237.62587620557,92,2.5217391304347827,3.067,75.64395174437561,2025-09-14 01:45:13,2.0_enhanced
SYNTH_N_012,synthetic,1,Камила Бектемиров,студент,18.0,Тараз,4577422.228581754,187,8.387123425694716,18327.73006861331,4,7,0,0,408172.48956416367,24478.193735731304,4581.932517153327,5834.774115748976,2,2942.1994260597285,2,2692.716106501969,0,22.408375922793592,-0.11240087329414303,0,0.0,0,0,3204195.560007227,57,1460684.6463506082,2.1936258233511436,1982031.856216116,587644.4104479174,396921.17468397884,92,2.032608695652174,3.067,60.97163351809586,2025-09-14 01:45:13,2.0_enhanced
SYNTH_N_013,synthetic,0,Камила Алматова,Зарплатный клиент,49.0,Усть-Каменогорск,4485025.86852689,196,0.721196417441522,15000.302166558633,2,7,0,0,113646.14114453629,22882.78504350454,7500.1510832793165,8593.946124467058,2,4260.961633094059,1,5.244766936361667,1,21.06773462873685,-0.033254088757733474,0,0.0,0,0,3139518.1079688226,100,993505.4647613846,3.16004110628909,2424017.4194270843,403288.65200047684,392175.6098711569,92,2.130434782608696,3.067,63.90609716335181,2025-09-14 01:45:13,2.0_enhanced
SYNTH_N_014,synthetic,1,Олжас Алматова,Стандартный клиент,40.0,Шымкент,6814390.121900301,251,14.488352142540059,6540.82124660836,3,4,0,0,108666.61103431383,27148.964629084865,2180.2737488694534,8760.189397514316,3,4864.988595208581,0,2432.657865395173,1,29.027774055532916,0.4354285652215791,0,0.0,0,0,4770073.085330211,82,4594598.318586277,1.0381915359247174,2297903.9865612765,716389.7266786098,387243.5901531912,92,2.7282608695652173,3.067,81.83893055102706,2025-09-14 01:45:13,2.0_enhanced
SYNTH_N_015,synthetic,0,Мират Жакупов,зп,24.0,Шымкент,3757790.306031918,252,4.843588854311765,16690.11771480924,3,4,0,0,424496.9837770842,14911.866293777453,5563.372571603079,6943.015098492536,1,2144.0545360920705,2,2991.747183720491,1,6.4278082447808735,0.3240432721724806,0,0.0,0,0,2630453.2142223427,97,1303963.3436695102,2.01727542955305,1916994.6875119482,318220.41619678424,166954.86133792961,92,2.739130434782609,3.067,82.1649820671666,2025-09-14 01:45:13,2.0_enhanced
SYNTH_N_016,synthetic,1,Арман Жакупов,обычный,22.0,Тараз,3764439.695321731,265,10.321979160597278,12192.71594477093,1,6,0,0,284646.73444213835,14205.432812534833,12192.71594477093,6458.325074399822,1,3742.7587925854937,1,777.7795634494814,1,14.896158981543548,0.33699045895708596,0,0.0,0,0,2635107.7867252114,69,898295.4494639711,2.9334533402096463,2368422.522681767,646901.4792114452,376233.196130588,92,2.880434782608696,3.067,86.40365177698075,2025-09-14 01:45:13,2.0_enhanced
SYNTH_N_017,synthetic,1,Назгуль Бектемиров,Зарплатный клиент,64.0,Алматы,4957511.957867414,247,6.684102656901291,1576.668430519348,3,5,0,0,431996.3407131483,20070.89861484783,525.5561435064493,2159.890312824978,2,1852.2950868259863,0,1.4891408474213552,1,9.756347217350346,0.13165384744453956,0,0.0,0,0,3470258.3705071895,69,2099161.701204513,1.6531639122969572,2737227.65439217,347268.52385988506,161721.53427710303,92,2.6847826086956523,3.067,80.53472448646886,2025-09-14 01:45:13,2.0_enhanced
SYNTH_N_018,synthetic,0,Ерлан Валиева,вип,28.0,Тараз,3732266.1148349284,197,3.064839964121215,12900.633827044472,0,7,0,0,346678.7386136442,18945.513273273747,0.0,2010.8905566255453,2,3531.2677419375505,2,2635.3089128284696,1,16.617584849670912,0.19785433542257513,0,0.0,0,0,2612586.2803844498,72,1173693.1288234303,2.2259534594050483,2986575.111525818,678845.8722134535,258443.61007388594,92,2.141304347826087,3.067,64.23214867949136,2025-09-14 01:45:13,2.0_enhanced
SYNTH_N_019,synthetic,1,Рауан Валиева,студент,53.0,Павлодар,4694870.876287631,250,6.894213822646632,4882.199833774283,5,6,0,0,454632.7432395094,18779.48350515052,976.4399667548566,4731.644222634627,1,1816.9433876075548,1,2259.2038521513814,1,10.408082686556087,0.3008453733269825,0,0.0,0,0,3286409.6134013413,116,1838116.5647425475,1.787922309411126,1349402.8904722,244171.29513194895,149393.85908666393,92,2.717391304347826,3.067,81.5128790348875,2025-09-14 01:45:13,2.0_enhanced
SYNTH_N_020,synthetic,1,Мират Валиева,Стандартный клиент,27.0,Тараз,3775157.6135555687,258,9.351188524899554,11937.56018889457,3,6,0,0,397453.93153009866,14632.393850990577,3979.186729631523,1213.2994684343112,0,2738.0756211065705,1,154.29057372048672,0,16.35960523850248,-0.16175182514129752,0,0.0,0,0,2642610.329488898,145,2063937.2562011264,1.2803733841952516,2028795.2484279727,500965.5167087541,378261.8677394366,92,2.8043478260869565,3.067,84.1212911640039,2025-09-14 01:45:13,2.0_enhanced
SYNTH_N_021,synthetic,1,Рауан Габдулин,вип,46.0,Павлодар,7736794.724617815,218,7.643217829264079,3291.942757593893,4,7,0,0,332531.9107664609,35489.884057879884,822.9856893984733,7605.950570700625,1,3328.191021406812,1,2003.5113688892181,1,9.557694792014491,-0.06790679883598033,0,0.0,0,0,5415756.30723247,51,1893186.2846067331,2.860656846749485,2239813.4767524013,258995.6972251772,190436.59149191907,92,2.369565217391304,3.067,71.07923051842191,2025-09-14 01:45:13,2.0_enhanced
SYNTH_N_022,synthetic,1,Назгуль Даулетова,Стандартный клиент,26.0,Алматы,3671904.158491884,152,13.1218743255451,9343.204312699576,0,7,0,0,120250.77627505513,24157.2642006045,0.0,720.2518425767234,0,2503.311996142738,1,2346.7015665676604,0,26.595255418511158,0.3454021712170931,0,0.0,0,0,2570332.9109443184,70,1456220.8420579694,1.7650708166708124,1138262.2544256218,485765.6597329604,350662.2732320335,92,1.6521739130434783,3.067,49.5598304532116,2025-09-14 01:45:13,2.0_enhanced
SYNTH_N_023,synthetic,1,Камила Жакупов,Зарплатный клиент,48.0,Тараз,6303961.771005562,201,7.389957793611886,17482.596881086047,0,5,0,0,82605.63295827707,31362.993885599808,0.0,5918.8585899290365,3,1891.8617845991787,1,1404.131588034379,0,18.061536828788487,0.31107831178408923,0,0.0,0,0,4412773.239703893,52,4389598.338459421,1.0052795038310054,2536795.3441651575,569532.7536708876,366429.39684342226,92,2.1847826086956523,3.067,65.53635474404956,2025-09-14 01:45:13,2.0_enhanced
SYNTH_N_024,synthetic,1,Мират Даулетова,зп,49.0,Тараз,5617027.5690460745,299,13.934444383518928,7464.190401200232,2,6,0,0,389841.4077368555,18786.045381425,3732.095200600116,3124.4050927462454,2,2107.0433689642286,1,694.5417522725708,1,23.515539050545858,0.10429589315904647,0,0.0,0,0,3931919.298332252,91,3318648.424968752,1.1847953729444163,1093863.838326349,279626.1526493103,355728.7326752404,92,3.25,3.067,97.48940332572546,2025-09-14 01:45:13,2.0_enhanced
SYNTH_N_025,synthetic,1,Жанель Жакупов,зп,35.0,Шымкент,7912343.244702352,206,5.176824738478179,7567.798960070447,0,6,0,0,395639.5683557248,38409.43322671045,0.0,8108.851254913747,1,613.1361451933665,2,665.6981301856603,1,20.774786092425252,-0.159422638706358,0,0.0,0,0,5538640.271291646,83,1608252.578137581,3.4438870775544514,1324991.205223039,758173.2596668173,350954.78251011577,92,2.239130434782609,3.067,67.1666123247473,2025-09-14 01:45:13,2.0_enhanced
SYNTH_N_026,synthetic,1,Арман Габдулин,вип,45.0,Алматы,3835660.3373204046,248,12.530615215999529,11292.206318619892,2,3,0,0,182924.4581067973,15466.372327904857,5646.103159309946,7398.022232247466,3,4234.553702403032,0,1054.1973565024136,0,8.76835840269409,-0.062295333163027156,0,0.0,0,0,2684962.236124283,124,1715112.1735229103,1.5654732545039671,1234662.4746632974,586882.4548255655,173406.66524059488,92,2.6956521739130435,3.067,80.8607760026084,2025-09-14 01:45:13,2.0_enhanced
SYNTH_N_027,synthetic,0,Олжас Касымова,зп,50.0,Тараз,3298030.743375687,281,3.2169103736811837,16197.312046633837,0,6,0,0,86465.82492947331,11736.764211301377,0.0,9975.237601665787,3,3401.9862538533525,2,1427.2156119942254,0,17.775163687764678,0.46162377649495195,0,0.0,0,0,2308621.5203629807,61,1049940.6360940807,2.1988114765720095,2585222.847617418,718425.1614152831,329828.7261457279,92,3.0543478260869565,3.067,91.62047603521356,2025-09-14 01:45:13,2.0_enhanced
SYNTH_N_028,synthetic,0,Жанель Бектемиров,вип,18.0,Усть-Каменогорск,7885734.926781142,299,2.6420154699337246,4773.332854722483,0,8,0,0,177293.47278564292,26373.69540729479,0.0,5752.676285942595,2,575.249788087096,0,1018.4669576155559,1,14.760383902661912,0.4601405886919036,0,0.0,0,0,5520014.4487467995,73,2034296.484333717,2.7134758828208576,1437963.9180400688,652242.7447029612,272640.57647721923,92,3.25,3.067,97.48940332572546,2025-09-14 01:45:13,2.0_enhanced
SYNTH_N_029,synthetic,1,Айгерим Валиева,зп,20.0,Шымкент,3193518.0569531457,150,11.06017282590401,8676.774191778051,2,3,0,0,207053.2759734225,21290.120379687636,4338.387095889026,6952.007461316083,3,3101.1591728269127,2,25.678847650266402,0,20.444164710758667,-0.14766496056168604,0,0.0,0,0,2235462.639867202,117,894441.7457426082,2.499282541884507,2793995.1119797607,582845.9349746633,397901.7021776501,92,1.6304347826086956,3.067,48.9077274209325,2025-09-14 01:45:13,2.0_enhanced
SYNTH_N_030,synthetic,1,Айгерим Мамбетов,Стандартный клиент,30.0,Тараз,6487065.678475868,297,14.753657551974875,9014.34578372698,0,3,0,0,387271.92197745695,21841.971981400227,0.0,3425.970401849537,0,15.779701744840224,0,2981.8428788995316,0,11.081207587592534,0.332315743525976,0,0.0,0,0,4540945.974933107,116,2889251.6526079853,1.5716685567469413,2277314.949301767,425819.1576953848,174032.4027491213,92,3.2282608695652173,3.067,96.83730029344636,2025-09-14 01:45:13,2.0_enhanced
